"STATION","NAME","LATITUDE","LONGITUDE","ELEVATION","DATE","EMNT","EMXT","TAVG"
"USR0000CDIA","DIABLO GRANDE CALIFORNIA, CA US","37.3292","-121.2939","563.9","2019-01","2.8","17.8","9.9"
"USR0000CDIA","DIABLO GRANDE CALIFORNIA, CA US","37.3292","-121.2939","563.9","2019-02","0.0","14.4","6.5"
"USR0000CDIA","DIABLO GRANDE CALIFORNIA, CA US","37.3292","-121.2939","563.9","2019-03","2.2","20.0","10.5"
"USR0000CDIA","DIABLO GRANDE CALIFORNIA, CA US","37.3292","-121.2939","563.9","2019-04","6.1","30.0","15.8"
"USR0000CDIA","DIABLO GRANDE CALIFORNIA, CA US","37.3292","-121.2939","563.9","2019-05","5.0","26.7","15.3"
"USR0000CDIA","DIABLO GRANDE CALIFORNIA, CA US","37.3292","-121.2939","563.9","2019-06","10.0","36.7","23.3"
"USR0000CDIA","DIABLO GRANDE CALIFORNIA, CA US","37.3292","-121.2939","563.9","2019-07","12.2","37.8","25.3"
"USR0000CDIA","DIABLO GRANDE CALIFORNIA, CA US","37.3292","-121.2939","563.9","2019-08","11.7","36.7","25.4"
"USR0000CDIA","DIABLO GRANDE CALIFORNIA, CA US","37.3292","-121.2939","563.9","2019-09","7.8","35.6","22.2"
"USR0000CDIA","DIABLO GRANDE CALIFORNIA, CA US","37.3292","-121.2939","563.9","2019-10","6.1","28.9","18.2"
"USR0000CDIA","DIABLO GRANDE CALIFORNIA, CA US","37.3292","-121.2939","563.9","2019-11","1.1","25.0","14.3"
"USR0000CDIA","DIABLO GRANDE CALIFORNIA, CA US","37.3292","-121.2939","563.9","2019-12","2.8","18.9","9.5"
"USR0000CDIA","DIABLO GRANDE CALIFORNIA, CA US","37.3292","-121.2939","563.9","2020-01","0.6","18.3","9.3"
"USR0000CDIA","DIABLO GRANDE CALIFORNIA, CA US","37.3292","-121.2939","563.9","2020-02","2.2","22.2","12.3"
"USR0000CDIA","DIABLO GRANDE CALIFORNIA, CA US","37.3292","-121.2939","563.9","2020-03","-0.6","22.8","10.0"
"USW00023285","LIVERMORE MUNICIPAL AIRPORT, CA US","37.6927","-121.8144","119.8","2019-01","-2.1","20.0","10.3"
"USW00023285","LIVERMORE MUNICIPAL AIRPORT, CA US","37.6927","-121.8144","119.8","2019-02","-2.7","18.3","8.2"
"USW00023285","LIVERMORE MUNICIPAL AIRPORT, CA US","37.6927","-121.8144","119.8","2019-03","1.7","23.3","11.2"
"USW00023285","LIVERMORE MUNICIPAL AIRPORT, CA US","37.6927","-121.8144","119.8","2019-04","5.0","32.8","15.7"
"USW00023285","LIVERMORE MUNICIPAL AIRPORT, CA US","37.6927","-121.8144","119.8","2019-05","6.7","27.8","15.7"
"USW00023285","LIVERMORE MUNICIPAL AIRPORT, CA US","37.6927","-121.8144","119.8","2019-06","8.3","40.0","21.4"
"USW00023285","LIVERMORE MUNICIPAL AIRPORT, CA US","37.6927","-121.8144","119.8","2019-07","11.7","38.9","22.5"
"USW00023285","LIVERMORE MUNICIPAL AIRPORT, CA US","37.6927","-121.8144","119.8","2019-08","12.2","41.1","23.7"
"USW00023285","LIVERMORE MUNICIPAL AIRPORT, CA US","37.6927","-121.8144","119.8","2019-09","6.7","37.8","21.0"
"USW00023285","LIVERMORE MUNICIPAL AIRPORT, CA US","37.6927","-121.8144","119.8","2019-10","3.3","33.3","16.9"
"USW00023285","LIVERMORE MUNICIPAL AIRPORT, CA US","37.6927","-121.8144","119.8","2019-11","0.0","27.2","13.1"
"USW00023285","LIVERMORE MUNICIPAL AIRPORT, CA US","37.6927","-121.8144","119.8","2019-12","-1.0","19.4","10.4"
"USW00023285","LIVERMORE MUNICIPAL AIRPORT, CA US","37.6927","-121.8144","119.8","2020-01","0.0","19.4","9.0"
"USW00023285","LIVERMORE MUNICIPAL AIRPORT, CA US","37.6927","-121.8144","119.8","2020-02","-1.6","26.7","11.6"
"USW00023285","LIVERMORE MUNICIPAL AIRPORT, CA US","37.6927","-121.8144","119.8","2020-03","0.6","25.6","11.5"
"US1CAAL0003","CASTRO VALLEY 0.4 NNE, CA US","37.716904","-122.058526","163.4","2019-01",,,
"US1CAAL0003","CASTRO VALLEY 0.4 NNE, CA US","37.716904","-122.058526","163.4","2019-02",,,
"US1CAAL0003","CASTRO VALLEY 0.4 NNE, CA US","37.716904","-122.058526","163.4","2019-03",,,
"US1CAAL0003","CASTRO VALLEY 0.4 NNE, CA US","37.716904","-122.058526","163.4","2019-04",,,
"US1CAAL0003","CASTRO VALLEY 0.4 NNE, CA US","37.716904","-122.058526","163.4","2019-05",,,
"US1CAAL0003","CASTRO VALLEY 0.4 NNE, CA US","37.716904","-122.058526","163.4","2019-06",,,
"US1CAAL0003","CASTRO VALLEY 0.4 NNE, CA US","37.716904","-122.058526","163.4","2019-07",,,
"US1CAAL0003","CASTRO VALLEY 0.4 NNE, CA US","37.716904","-122.058526","163.4","2019-08",,,
"US1CAAL0003","CASTRO VALLEY 0.4 NNE, CA US","37.716904","-122.058526","163.4","2019-09",,,
"US1CAAL0003","CASTRO VALLEY 0.4 NNE, CA US","37.716904","-122.058526","163.4","2019-10",,,
"US1CAAL0003","CASTRO VALLEY 0.4 NNE, CA US","37.716904","-122.058526","163.4","2019-11",,,
"US1CAAL0003","CASTRO VALLEY 0.4 NNE, CA US","37.716904","-122.058526","163.4","2019-12",,,
"US1CAAL0003","CASTRO VALLEY 0.4 NNE, CA US","37.716904","-122.058526","163.4","2020-01",,,
"US1CAAL0003","CASTRO VALLEY 0.4 NNE, CA US","37.716904","-122.058526","163.4","2020-02",,,
"US1CAAL0003","CASTRO VALLEY 0.4 NNE, CA US","37.716904","-122.058526","163.4","2020-03",,,
"US1CASZ0024","FELTON 4.5 NNE, CA US","37.105143","-122.046797","255.4","2019-02",,,
"US1CASZ0024","FELTON 4.5 NNE, CA US","37.105143","-122.046797","255.4","2019-03",,,
"US1CASZ0024","FELTON 4.5 NNE, CA US","37.105143","-122.046797","255.4","2019-04",,,
"US1CASZ0024","FELTON 4.5 NNE, CA US","37.105143","-122.046797","255.4","2019-05",,,
"US1CASZ0024","FELTON 4.5 NNE, CA US","37.105143","-122.046797","255.4","2019-06",,,
"US1CASZ0024","FELTON 4.5 NNE, CA US","37.105143","-122.046797","255.4","2019-07",,,
"US1CASZ0024","FELTON 4.5 NNE, CA US","37.105143","-122.046797","255.4","2019-08",,,
"US1CASZ0024","FELTON 4.5 NNE, CA US","37.105143","-122.046797","255.4","2019-10",,,
"US1CASZ0024","FELTON 4.5 NNE, CA US","37.105143","-122.046797","255.4","2019-11",,,
"US1CASZ0024","FELTON 4.5 NNE, CA US","37.105143","-122.046797","255.4","2019-12",,,
"US1CASZ0024","FELTON 4.5 NNE, CA US","37.105143","-122.046797","255.4","2020-02",,,
"US1CASZ0024","FELTON 4.5 NNE, CA US","37.105143","-122.046797","255.4","2020-03",,,
"US1CAAL0004","PLEASANTON 1.8 SSE, CA US","37.648266","-121.874518","107.0","2019-01",,,
"US1CAAL0004","PLEASANTON 1.8 SSE, CA US","37.648266","-121.874518","107.0","2019-02",,,
"US1CAAL0004","PLEASANTON 1.8 SSE, CA US","37.648266","-121.874518","107.0","2019-03",,,
"US1CAAL0004","PLEASANTON 1.8 SSE, CA US","37.648266","-121.874518","107.0","2019-06",,,
"US1CAAL0004","PLEASANTON 1.8 SSE, CA US","37.648266","-121.874518","107.0","2019-07",,,
"US1CAAL0004","PLEASANTON 1.8 SSE, CA US","37.648266","-121.874518","107.0","2019-08",,,
"US1CAAL0004","PLEASANTON 1.8 SSE, CA US","37.648266","-121.874518","107.0","2019-09",,,
"US1CAAL0004","PLEASANTON 1.8 SSE, CA US","37.648266","-121.874518","107.0","2019-10",,,
"US1CAAL0004","PLEASANTON 1.8 SSE, CA US","37.648266","-121.874518","107.0","2019-11",,,
"US1CAAL0004","PLEASANTON 1.8 SSE, CA US","37.648266","-121.874518","107.0","2020-02",,,
"US1CAAL0004","PLEASANTON 1.8 SSE, CA US","37.648266","-121.874518","107.0","2020-03",,,
"US1CASZ0028","SOQUEL 0.8 NE, CA US","37.0022","-121.9363","126.2","2019-01",,,
"US1CASZ0028","SOQUEL 0.8 NE, CA US","37.0022","-121.9363","126.2","2019-02",,,
"US1CASZ0028","SOQUEL 0.8 NE, CA US","37.0022","-121.9363","126.2","2019-03",,,
"US1CASZ0028","SOQUEL 0.8 NE, CA US","37.0022","-121.9363","126.2","2019-04",,,
"US1CASZ0028","SOQUEL 0.8 NE, CA US","37.0022","-121.9363","126.2","2019-05",,,
"US1CASZ0028","SOQUEL 0.8 NE, CA US","37.0022","-121.9363","126.2","2019-06",,,
"US1CASZ0028","SOQUEL 0.8 NE, CA US","37.0022","-121.9363","126.2","2019-07",,,
"US1CASZ0028","SOQUEL 0.8 NE, CA US","37.0022","-121.9363","126.2","2019-08",,,
"US1CASZ0028","SOQUEL 0.8 NE, CA US","37.0022","-121.9363","126.2","2019-09",,,
"US1CASZ0028","SOQUEL 0.8 NE, CA US","37.0022","-121.9363","126.2","2019-10",,,
"US1CASZ0028","SOQUEL 0.8 NE, CA US","37.0022","-121.9363","126.2","2019-11",,,
"US1CASZ0028","SOQUEL 0.8 NE, CA US","37.0022","-121.9363","126.2","2019-12",,,
"US1CASZ0028","SOQUEL 0.8 NE, CA US","37.0022","-121.9363","126.2","2020-01",,,
"US1CASZ0028","SOQUEL 0.8 NE, CA US","37.0022","-121.9363","126.2","2020-02",,,
"US1CASZ0028","SOQUEL 0.8 NE, CA US","37.0022","-121.9363","126.2","2020-03",,,
"US1CASC0053","LOS GATOS 9.6 SSE, CA US","37.1039123535156","-121.889633178711","670.3","2019-01",,,
"US1CASC0053","LOS GATOS 9.6 SSE, CA US","37.1039123535156","-121.889633178711","670.3","2019-02",,,
"US1CASC0053","LOS GATOS 9.6 SSE, CA US","37.1039123535156","-121.889633178711","670.3","2019-03",,,
"US1CASC0053","LOS GATOS 9.6 SSE, CA US","37.1039123535156","-121.889633178711","670.3","2019-04",,,
"US1CASC0053","LOS GATOS 9.6 SSE, CA US","37.1039123535156","-121.889633178711","670.3","2019-05",,,
"US1CASC0053","LOS GATOS 9.6 SSE, CA US","37.1039123535156","-121.889633178711","670.3","2019-06",,,
"US1CASC0053","LOS GATOS 9.6 SSE, CA US","37.1039123535156","-121.889633178711","670.3","2019-07",,,
"US1CASC0053","LOS GATOS 9.6 SSE, CA US","37.1039123535156","-121.889633178711","670.3","2019-08",,,
"US1CASC0053","LOS GATOS 9.6 SSE, CA US","37.1039123535156","-121.889633178711","670.3","2019-09",,,
"US1CASC0053","LOS GATOS 9.6 SSE, CA US","37.1039123535156","-121.889633178711","670.3","2019-10",,,
"US1CASC0053","LOS GATOS 9.6 SSE, CA US","37.1039123535156","-121.889633178711","670.3","2019-11",,,
"US1CASC0053","LOS GATOS 9.6 SSE, CA US","37.1039123535156","-121.889633178711","670.3","2019-12",,,
"US1CASC0053","LOS GATOS 9.6 SSE, CA US","37.1039123535156","-121.889633178711","670.3","2020-01",,,
"US1CASC0053","LOS GATOS 9.6 SSE, CA US","37.1039123535156","-121.889633178711","670.3","2020-02",,,
"US1CASC0053","LOS GATOS 9.6 SSE, CA US","37.1039123535156","-121.889633178711","670.3","2020-03",,,
"US1CASC0052","SAN JOSE 1.9 SW, CA US","37.2883949279785","-121.877182006836","43.0","2019-01",,,
"US1CASC0052","SAN JOSE 1.9 SW, CA US","37.2883949279785","-121.877182006836","43.0","2019-02",,,
"US1CASC0052","SAN JOSE 1.9 SW, CA US","37.2883949279785","-121.877182006836","43.0","2019-03",,,
"US1CASC0052","SAN JOSE 1.9 SW, CA US","37.2883949279785","-121.877182006836","43.0","2019-04",,,
"US1CASC0052","SAN JOSE 1.9 SW, CA US","37.2883949279785","-121.877182006836","43.0","2019-05",,,
"US1CASC0052","SAN JOSE 1.9 SW, CA US","37.2883949279785","-121.877182006836","43.0","2019-12",,,
"US1CASC0052","SAN JOSE 1.9 SW, CA US","37.2883949279785","-121.877182006836","43.0","2020-01",,,
"US1CASC0052","SAN JOSE 1.9 SW, CA US","37.2883949279785","-121.877182006836","43.0","2020-02",,,
"US1CASC0052","SAN JOSE 1.9 SW, CA US","37.2883949279785","-121.877182006836","43.0","2020-03",,,
"US1CASC0011","CAMBRIAN PARK 2.2 SE, CA US","37.23413","-121.89738","76.8","2019-01",,,
"US1CASC0011","CAMBRIAN PARK 2.2 SE, CA US","37.23413","-121.89738","76.8","2019-02",,,
"US1CASC0011","CAMBRIAN PARK 2.2 SE, CA US","37.23413","-121.89738","76.8","2019-03",,,
"US1CASC0011","CAMBRIAN PARK 2.2 SE, CA US","37.23413","-121.89738","76.8","2019-04",,,
"US1CASC0011","CAMBRIAN PARK 2.2 SE, CA US","37.23413","-121.89738","76.8","2019-05",,,
"US1CASC0011","CAMBRIAN PARK 2.2 SE, CA US","37.23413","-121.89738","76.8","2019-06",,,
"US1CASC0011","CAMBRIAN PARK 2.2 SE, CA US","37.23413","-121.89738","76.8","2019-07",,,
"US1CASC0011","CAMBRIAN PARK 2.2 SE, CA US","37.23413","-121.89738","76.8","2019-08",,,
"US1CASC0011","CAMBRIAN PARK 2.2 SE, CA US","37.23413","-121.89738","76.8","2019-09",,,
"US1CASC0011","CAMBRIAN PARK 2.2 SE, CA US","37.23413","-121.89738","76.8","2019-10",,,
"US1CASC0011","CAMBRIAN PARK 2.2 SE, CA US","37.23413","-121.89738","76.8","2019-11",,,
"US1CASC0011","CAMBRIAN PARK 2.2 SE, CA US","37.23413","-121.89738","76.8","2019-12",,,
"US1CASC0011","CAMBRIAN PARK 2.2 SE, CA US","37.23413","-121.89738","76.8","2020-01",,,
"US1CASC0011","CAMBRIAN PARK 2.2 SE, CA US","37.23413","-121.89738","76.8","2020-02",,,
"US1CASC0011","CAMBRIAN PARK 2.2 SE, CA US","37.23413","-121.89738","76.8","2020-03",,,
"US1CASC0054","GILROY 0.1 SE, CA US","37.009232","-121.577019","64.3","2019-01",,,
"US1CASC0054","GILROY 0.1 SE, CA US","37.009232","-121.577019","64.3","2019-02",,,
"US1CASC0054","GILROY 0.1 SE, CA US","37.009232","-121.577019","64.3","2019-03",,,
"US1CASC0054","GILROY 0.1 SE, CA US","37.009232","-121.577019","64.3","2019-04",,,
"US1CASC0054","GILROY 0.1 SE, CA US","37.009232","-121.577019","64.3","2019-05",,,
"US1CASC0054","GILROY 0.1 SE, CA US","37.009232","-121.577019","64.3","2019-06",,,
"US1CASC0054","GILROY 0.1 SE, CA US","37.009232","-121.577019","64.3","2019-07",,,
"US1CASC0054","GILROY 0.1 SE, CA US","37.009232","-121.577019","64.3","2019-08",,,
"US1CASC0054","GILROY 0.1 SE, CA US","37.009232","-121.577019","64.3","2019-09",,,
"US1CASC0054","GILROY 0.1 SE, CA US","37.009232","-121.577019","64.3","2019-10",,,
"US1CASC0054","GILROY 0.1 SE, CA US","37.009232","-121.577019","64.3","2019-11",,,
"US1CASC0054","GILROY 0.1 SE, CA US","37.009232","-121.577019","64.3","2019-12",,,
"US1CASC0054","GILROY 0.1 SE, CA US","37.009232","-121.577019","64.3","2020-01",,,
"US1CASC0054","GILROY 0.1 SE, CA US","37.009232","-121.577019","64.3","2020-02",,,
"US1CASC0054","GILROY 0.1 SE, CA US","37.009232","-121.577019","64.3","2020-03",,,
"US1CASZ0021","BOULDER CREEK 3.0 NW, CA US","37.1693","-122.1641","266.7","2019-01",,,
"US1CASZ0021","BOULDER CREEK 3.0 NW, CA US","37.1693","-122.1641","266.7","2019-02",,,
"US1CASZ0021","BOULDER CREEK 3.0 NW, CA US","37.1693","-122.1641","266.7","2019-03",,,
"US1CASZ0021","BOULDER CREEK 3.0 NW, CA US","37.1693","-122.1641","266.7","2019-06",,,
"US1CASZ0021","BOULDER CREEK 3.0 NW, CA US","37.1693","-122.1641","266.7","2019-07",,,
"US1CASZ0021","BOULDER CREEK 3.0 NW, CA US","37.1693","-122.1641","266.7","2019-08",,,
"US1CASZ0021","BOULDER CREEK 3.0 NW, CA US","37.1693","-122.1641","266.7","2019-09",,,
"US1CASZ0021","BOULDER CREEK 3.0 NW, CA US","37.1693","-122.1641","266.7","2019-10",,,
"US1CASZ0021","BOULDER CREEK 3.0 NW, CA US","37.1693","-122.1641","266.7","2019-11",,,
"US1CASZ0021","BOULDER CREEK 3.0 NW, CA US","37.1693","-122.1641","266.7","2019-12",,,
"US1CASZ0021","BOULDER CREEK 3.0 NW, CA US","37.1693","-122.1641","266.7","2020-01",,,
"US1CASZ0021","BOULDER CREEK 3.0 NW, CA US","37.1693","-122.1641","266.7","2020-02",,,
"US1CASZ0021","BOULDER CREEK 3.0 NW, CA US","37.1693","-122.1641","266.7","2020-03",,,
"USW00023244","MOFFETT FEDERAL AIRFIELD, CA US","37.4058","-122.0481","11.9","2019-01","0.0","19.4","11.9"
"USW00023244","MOFFETT FEDERAL AIRFIELD, CA US","37.4058","-122.0481","11.9","2019-02","0.6","17.8","9.7"
"USW00023244","MOFFETT FEDERAL AIRFIELD, CA US","37.4058","-122.0481","11.9","2019-03","4.4","23.9","12.6"
"USW00023244","MOFFETT FEDERAL AIRFIELD, CA US","37.4058","-122.0481","11.9","2019-04","8.3","31.7","16.4"
"USW00023244","MOFFETT FEDERAL AIRFIELD, CA US","37.4058","-122.0481","11.9","2019-05","7.2","24.4","16.1"
"USW00023244","MOFFETT FEDERAL AIRFIELD, CA US","37.4058","-122.0481","11.9","2019-06","11.1","38.3","20.9"
"USW00023244","MOFFETT FEDERAL AIRFIELD, CA US","37.4058","-122.0481","11.9","2019-07","13.3","31.7","20.7"
"USW00023244","MOFFETT FEDERAL AIRFIELD, CA US","37.4058","-122.0481","11.9","2019-08","14.4","35.0","22.2"
"USW00023244","MOFFETT FEDERAL AIRFIELD, CA US","37.4058","-122.0481","11.9","2019-09",,,
"USW00023244","MOFFETT FEDERAL AIRFIELD, CA US","37.4058","-122.0481","11.9","2019-10",,,
"US1CASM0015","SAN MATEO 3.4 SSW, CA US","37.518482208252","-122.343238830566","178.3","2019-02",,,
"US1CASM0015","SAN MATEO 3.4 SSW, CA US","37.518482208252","-122.343238830566","178.3","2019-03",,,
"US1CASM0015","SAN MATEO 3.4 SSW, CA US","37.518482208252","-122.343238830566","178.3","2019-04",,,
"US1CASM0015","SAN MATEO 3.4 SSW, CA US","37.518482208252","-122.343238830566","178.3","2019-05",,,
"US1CASM0015","SAN MATEO 3.4 SSW, CA US","37.518482208252","-122.343238830566","178.3","2019-06",,,
"US1CASM0015","SAN MATEO 3.4 SSW, CA US","37.518482208252","-122.343238830566","178.3","2019-07",,,
"US1CASM0015","SAN MATEO 3.4 SSW, CA US","37.518482208252","-122.343238830566","178.3","2019-08",,,
"US1CASM0015","SAN MATEO 3.4 SSW, CA US","37.518482208252","-122.343238830566","178.3","2019-09",,,
"US1CASM0015","SAN MATEO 3.4 SSW, CA US","37.518482208252","-122.343238830566","178.3","2019-10",,,
"US1CASM0015","SAN MATEO 3.4 SSW, CA US","37.518482208252","-122.343238830566","178.3","2019-11",,,
"US1CASM0015","SAN MATEO 3.4 SSW, CA US","37.518482208252","-122.343238830566","178.3","2019-12",,,
"US1CASM0015","SAN MATEO 3.4 SSW, CA US","37.518482208252","-122.343238830566","178.3","2020-01",,,
"US1CASM0015","SAN MATEO 3.4 SSW, CA US","37.518482208252","-122.343238830566","178.3","2020-02",,,
"US1CASM0015","SAN MATEO 3.4 SSW, CA US","37.518482208252","-122.343238830566","178.3","2020-03",,,
"US1CASC0005","MONTE SERENO 0.4 SSW, CA US","37.232439","-121.990203","142.3","2019-01",,,
"US1CASC0005","MONTE SERENO 0.4 SSW, CA US","37.232439","-121.990203","142.3","2019-02",,,
"US1CASC0005","MONTE SERENO 0.4 SSW, CA US","37.232439","-121.990203","142.3","2019-03",,,
"US1CASC0005","MONTE SERENO 0.4 SSW, CA US","37.232439","-121.990203","142.3","2019-06",,,
"US1CASC0005","MONTE SERENO 0.4 SSW, CA US","37.232439","-121.990203","142.3","2019-07",,,
"US1CASC0005","MONTE SERENO 0.4 SSW, CA US","37.232439","-121.990203","142.3","2019-08",,,
"US1CASC0005","MONTE SERENO 0.4 SSW, CA US","37.232439","-121.990203","142.3","2019-09",,,
"US1CASC0005","MONTE SERENO 0.4 SSW, CA US","37.232439","-121.990203","142.3","2019-10",,,
"US1CASC0005","MONTE SERENO 0.4 SSW, CA US","37.232439","-121.990203","142.3","2019-11",,,
"US1CASC0005","MONTE SERENO 0.4 SSW, CA US","37.232439","-121.990203","142.3","2020-02",,,
"USC00040673","BEN LOMOND NUMBER 4, CA US","37.0855","-122.0797","128.0","2019-01","-3.9","27.8","11.5"
"USC00040673","BEN LOMOND NUMBER 4, CA US","37.0855","-122.0797","128.0","2019-02","-3.3","19.4","8.9"
"USC00040673","BEN LOMOND NUMBER 4, CA US","37.0855","-122.0797","128.0","2019-03","-1.1","29.4","12.0"
"USC00040673","BEN LOMOND NUMBER 4, CA US","37.0855","-122.0797","128.0","2019-04","3.9","37.2","16.1"
"USC00040673","BEN LOMOND NUMBER 4, CA US","37.0855","-122.0797","128.0","2019-05","2.8","30.6","16.3"
"USC00040673","BEN LOMOND NUMBER 4, CA US","37.0855","-122.0797","128.0","2019-06","5.6","41.1","20.2"
"USC00040673","BEN LOMOND NUMBER 4, CA US","37.0855","-122.0797","128.0","2019-07","7.2","40.6","21.3"
"USC00040673","BEN LOMOND NUMBER 4, CA US","37.0855","-122.0797","128.0","2019-08","8.9","41.7","22.7"
"USC00040673","BEN LOMOND NUMBER 4, CA US","37.0855","-122.0797","128.0","2019-09","2.8","40.6","21.4"
"USC00040673","BEN LOMOND NUMBER 4, CA US","37.0855","-122.0797","128.0","2019-10","-0.6","39.4","17.3"
"USC00040673","BEN LOMOND NUMBER 4, CA US","37.0855","-122.0797","128.0","2019-11","-1.7","32.2","13.1"
"USC00040673","BEN LOMOND NUMBER 4, CA US","37.0855","-122.0797","128.0","2019-12","-2.2","21.1","10.6"
"USC00040673","BEN LOMOND NUMBER 4, CA US","37.0855","-122.0797","128.0","2020-01","-1.1","24.4","10.6"
"USC00040673","BEN LOMOND NUMBER 4, CA US","37.0855","-122.0797","128.0","2020-02","-2.8","29.4","12.7"
"USC00040673","BEN LOMOND NUMBER 4, CA US","37.0855","-122.0797","128.0","2020-03","1.1","30.6","12.1"
"USC00044997","LIVERMORE, CA US","37.68194","-121.75139","161.2","2019-01","-2.2","20.0","10.2"
"USC00044997","LIVERMORE, CA US","37.68194","-121.75139","161.2","2019-02","-2.8","17.8","8.3"
"USC00044997","LIVERMORE, CA US","37.68194","-121.75139","161.2","2019-03","1.1","23.9","11.4"
"USC00044997","LIVERMORE, CA US","37.68194","-121.75139","161.2","2019-04","5.6","33.3","16.2"
"USC00044997","LIVERMORE, CA US","37.68194","-121.75139","161.2","2019-05","6.7","28.9","16.0"
"USC00044997","LIVERMORE, CA US","37.68194","-121.75139","161.2","2019-06","8.3","38.9","21.9"
"USC00044997","LIVERMORE, CA US","37.68194","-121.75139","161.2","2019-07","10.6","38.3","22.4"
"USC00044997","LIVERMORE, CA US","37.68194","-121.75139","161.2","2019-08","11.1","40.6","23.6"
"USC00044997","LIVERMORE, CA US","37.68194","-121.75139","161.2","2019-09","6.1","36.1","20.9"
"USC00044997","LIVERMORE, CA US","37.68194","-121.75139","161.2","2019-10","3.3","32.2","16.9"
"USC00044997","LIVERMORE, CA US","37.68194","-121.75139","161.2","2019-11","-0.6","26.7","12.6"
"USC00044997","LIVERMORE, CA US","37.68194","-121.75139","161.2","2019-12","-1.7","18.3","10.0"
"USC00044997","LIVERMORE, CA US","37.68194","-121.75139","161.2","2020-01","-0.6","19.4","9.2"
"USC00044997","LIVERMORE, CA US","37.68194","-121.75139","161.2","2020-02","-1.7","26.1","11.9"
"USC00044997","LIVERMORE, CA US","37.68194","-121.75139","161.2","2020-03","0.6","24.4","11.6"
"US1CASC0001","MOUNTAIN VIEW 1.2 S, CA US","37.384765","-122.075183","33.2","2019-01",,,
"US1CASC0001","MOUNTAIN VIEW 1.2 S, CA US","37.384765","-122.075183","33.2","2019-02",,,
"US1CASC0001","MOUNTAIN VIEW 1.2 S, CA US","37.384765","-122.075183","33.2","2019-03",,,
"US1CASC0001","MOUNTAIN VIEW 1.2 S, CA US","37.384765","-122.075183","33.2","2019-04",,,
"US1CASC0001","MOUNTAIN VIEW 1.2 S, CA US","37.384765","-122.075183","33.2","2019-05",,,
"US1CASC0001","MOUNTAIN VIEW 1.2 S, CA US","37.384765","-122.075183","33.2","2019-06",,,
"US1CASC0001","MOUNTAIN VIEW 1.2 S, CA US","37.384765","-122.075183","33.2","2019-07",,,
"US1CASC0001","MOUNTAIN VIEW 1.2 S, CA US","37.384765","-122.075183","33.2","2019-08",,,
"US1CASC0001","MOUNTAIN VIEW 1.2 S, CA US","37.384765","-122.075183","33.2","2019-09",,,
"US1CASC0001","MOUNTAIN VIEW 1.2 S, CA US","37.384765","-122.075183","33.2","2019-10",,,
"US1CASC0001","MOUNTAIN VIEW 1.2 S, CA US","37.384765","-122.075183","33.2","2019-11",,,
"US1CASC0001","MOUNTAIN VIEW 1.2 S, CA US","37.384765","-122.075183","33.2","2019-12",,,
"US1CASC0001","MOUNTAIN VIEW 1.2 S, CA US","37.384765","-122.075183","33.2","2020-01",,,
"US1CASC0001","MOUNTAIN VIEW 1.2 S, CA US","37.384765","-122.075183","33.2","2020-02",,,
"US1CASC0045","MORGAN HILL 1.4 SW, CA US","37.116826","-121.659105","132.0","2019-01",,,
"US1CASC0045","MORGAN HILL 1.4 SW, CA US","37.116826","-121.659105","132.0","2019-02",,,
"US1CASC0045","MORGAN HILL 1.4 SW, CA US","37.116826","-121.659105","132.0","2019-03",,,
"US1CASC0045","MORGAN HILL 1.4 SW, CA US","37.116826","-121.659105","132.0","2019-04",,,
"US1CASC0045","MORGAN HILL 1.4 SW, CA US","37.116826","-121.659105","132.0","2019-05",,,
"US1CASC0045","MORGAN HILL 1.4 SW, CA US","37.116826","-121.659105","132.0","2019-06",,,
"US1CASC0045","MORGAN HILL 1.4 SW, CA US","37.116826","-121.659105","132.0","2019-07",,,
"US1CASC0045","MORGAN HILL 1.4 SW, CA US","37.116826","-121.659105","132.0","2019-08",,,
"US1CASC0045","MORGAN HILL 1.4 SW, CA US","37.116826","-121.659105","132.0","2019-10",,,
"US1CASC0045","MORGAN HILL 1.4 SW, CA US","37.116826","-121.659105","132.0","2019-11",,,
"US1CASC0045","MORGAN HILL 1.4 SW, CA US","37.116826","-121.659105","132.0","2020-02",,,
"US1CASC0045","MORGAN HILL 1.4 SW, CA US","37.116826","-121.659105","132.0","2020-03",,,
"US1CASC0048","MORGAN HILL 6.4 NE, CA US","37.1863692","-121.5461865","799.8","2019-01",,,
"US1CASC0048","MORGAN HILL 6.4 NE, CA US","37.1863692","-121.5461865","799.8","2019-08",,,
"US1CASC0048","MORGAN HILL 6.4 NE, CA US","37.1863692","-121.5461865","799.8","2019-11",,,
"US1CASC0048","MORGAN HILL 6.4 NE, CA US","37.1863692","-121.5461865","799.8","2020-03",,,
"US1CASC0003","SUNNYVALE 1.9 SE, CA US","37.364707","-122.004155","25.9","2019-01",,,
"US1CASC0003","SUNNYVALE 1.9 SE, CA US","37.364707","-122.004155","25.9","2019-02",,,
"US1CASC0003","SUNNYVALE 1.9 SE, CA US","37.364707","-122.004155","25.9","2019-03",,,
"US1CASC0003","SUNNYVALE 1.9 SE, CA US","37.364707","-122.004155","25.9","2019-04",,,
"US1CASC0003","SUNNYVALE 1.9 SE, CA US","37.364707","-122.004155","25.9","2019-05",,,
"US1CASC0003","SUNNYVALE 1.9 SE, CA US","37.364707","-122.004155","25.9","2019-06",,,
"US1CASC0003","SUNNYVALE 1.9 SE, CA US","37.364707","-122.004155","25.9","2019-07",,,
"US1CASC0003","SUNNYVALE 1.9 SE, CA US","37.364707","-122.004155","25.9","2019-08",,,
"US1CASC0003","SUNNYVALE 1.9 SE, CA US","37.364707","-122.004155","25.9","2019-09",,,
"US1CASC0003","SUNNYVALE 1.9 SE, CA US","37.364707","-122.004155","25.9","2019-10",,,
"US1CASC0003","SUNNYVALE 1.9 SE, CA US","37.364707","-122.004155","25.9","2019-11",,,
"US1CASC0003","SUNNYVALE 1.9 SE, CA US","37.364707","-122.004155","25.9","2019-12",,,
"US1CASC0003","SUNNYVALE 1.9 SE, CA US","37.364707","-122.004155","25.9","2020-01",,,
"US1CASC0003","SUNNYVALE 1.9 SE, CA US","37.364707","-122.004155","25.9","2020-02",,,
"US1CASC0003","SUNNYVALE 1.9 SE, CA US","37.364707","-122.004155","25.9","2020-03",,,
"USR0000CPUL","PULGAS CALIFORNIA, CA US","37.475","-122.2981","196.3","2019-01","2.8","21.7","12.0"
"USR0000CPUL","PULGAS CALIFORNIA, CA US","37.475","-122.2981","196.3","2019-02","2.2","15.6","9.0"
"USR0000CPUL","PULGAS CALIFORNIA, CA US","37.475","-122.2981","196.3","2019-03","5.0","25.0","12.0"
"USR0000CPUL","PULGAS CALIFORNIA, CA US","37.475","-122.2981","196.3","2019-04","6.7","32.2","15.0"
"USR0000CPUL","PULGAS CALIFORNIA, CA US","37.475","-122.2981","196.3","2019-05","6.1","25.6","14.3"
"USR0000CPUL","PULGAS CALIFORNIA, CA US","37.475","-122.2981","196.3","2019-06","8.9","38.3","19.6"
"USR0000CPUL","PULGAS CALIFORNIA, CA US","37.475","-122.2981","196.3","2019-07","10.0","35.0","19.5"
"USR0000CPUL","PULGAS CALIFORNIA, CA US","37.475","-122.2981","196.3","2019-08","11.1","37.8","21.3"
"USR0000CPUL","PULGAS CALIFORNIA, CA US","37.475","-122.2981","196.3","2019-09","8.3","38.3","20.6"
"USR0000CPUL","PULGAS CALIFORNIA, CA US","37.475","-122.2981","196.3","2019-10","7.2","34.4","18.7"
"USR0000CPUL","PULGAS CALIFORNIA, CA US","37.475","-122.2981","196.3","2019-11","1.1","28.3","14.4"
"USR0000CPUL","PULGAS CALIFORNIA, CA US","37.475","-122.2981","196.3","2019-12","3.3","19.4","11.3"
"USR0000CPUL","PULGAS CALIFORNIA, CA US","37.475","-122.2981","196.3","2020-01","3.3","22.8","11.0"
"USR0000CPUL","PULGAS CALIFORNIA, CA US","37.475","-122.2981","196.3","2020-02","2.2","25.6","13.3"
"USR0000CPUL","PULGAS CALIFORNIA, CA US","37.475","-122.2981","196.3","2020-03","3.9","26.7","11.8"
"USW00093228","HAYWARD AIR TERMINAL, CA US","37.6542","-122.115","13.1","2019-01","2.8","20.0","12.5"
"USW00093228","HAYWARD AIR TERMINAL, CA US","37.6542","-122.115","13.1","2019-02","1.7","17.8","10.3"
"USW00093228","HAYWARD AIR TERMINAL, CA US","37.6542","-122.115","13.1","2019-03",,,
"USW00093228","HAYWARD AIR TERMINAL, CA US","37.6542","-122.115","13.1","2019-04","7.2","30.0","15.5"
"USW00093228","HAYWARD AIR TERMINAL, CA US","37.6542","-122.115","13.1","2019-05",,,
"USW00093228","HAYWARD AIR TERMINAL, CA US","37.6542","-122.115","13.1","2019-06","10.6","38.3","19.1"
"USW00093228","HAYWARD AIR TERMINAL, CA US","37.6542","-122.115","13.1","2019-07","12.8","31.1","18.8"
"USW00093228","HAYWARD AIR TERMINAL, CA US","37.6542","-122.115","13.1","2019-08","13.9","36.7","21.0"
"USW00093228","HAYWARD AIR TERMINAL, CA US","37.6542","-122.115","13.1","2019-09","8.9","38.3","20.0"
"USW00093228","HAYWARD AIR TERMINAL, CA US","37.6542","-122.115","13.1","2019-10","6.7","32.2","17.1"
"USW00093228","HAYWARD AIR TERMINAL, CA US","37.6542","-122.115","13.1","2019-11","2.8","26.7","13.2"
"USW00093228","HAYWARD AIR TERMINAL, CA US","37.6542","-122.115","13.1","2019-12","2.2","19.4","11.7"
"USW00093228","HAYWARD AIR TERMINAL, CA US","37.6542","-122.115","13.1","2020-01","2.8","18.9","10.4"
"USW00093228","HAYWARD AIR TERMINAL, CA US","37.6542","-122.115","13.1","2020-02","1.7","25.0","12.5"
"USW00093228","HAYWARD AIR TERMINAL, CA US","37.6542","-122.115","13.1","2020-03","2.8","25.0","12.4"
"USR0000CCOR","CORRALITOS CALIFORNIA, CA US","36.9911","-121.7978","137.2","2019-01","-1.1","25.0","11.6"
"USR0000CCOR","CORRALITOS CALIFORNIA, CA US","36.9911","-121.7978","137.2","2019-02","-0.6","17.2","8.9"
"USR0000CCOR","CORRALITOS CALIFORNIA, CA US","36.9911","-121.7978","137.2","2019-03","2.2","27.2","12.2"
"USR0000CCOR","CORRALITOS CALIFORNIA, CA US","36.9911","-121.7978","137.2","2019-04","5.0","30.6","15.2"
"USR0000CCOR","CORRALITOS CALIFORNIA, CA US","36.9911","-121.7978","137.2","2019-05","5.6","27.2","14.9"
"USR0000CCOR","CORRALITOS CALIFORNIA, CA US","36.9911","-121.7978","137.2","2019-06","7.8","39.4","18.0"
"USR0000CCOR","CORRALITOS CALIFORNIA, CA US","36.9911","-121.7978","137.2","2019-07","8.9","32.8","18.8"
"USR0000CCOR","CORRALITOS CALIFORNIA, CA US","36.9911","-121.7978","137.2","2019-08","10.6","36.1","20.1"
"USR0000CCOR","CORRALITOS CALIFORNIA, CA US","36.9911","-121.7978","137.2","2019-09","5.6","39.4","20.2"
"USR0000CCOR","CORRALITOS CALIFORNIA, CA US","36.9911","-121.7978","137.2","2019-10","2.8","36.7","17.1"
"USR0000CCOR","CORRALITOS CALIFORNIA, CA US","36.9911","-121.7978","137.2","2019-11","0.6","32.2","13.6"
"USR0000CCOR","CORRALITOS CALIFORNIA, CA US","36.9911","-121.7978","137.2","2019-12","1.1","19.4","11.1"
"USR0000CCOR","CORRALITOS CALIFORNIA, CA US","36.9911","-121.7978","137.2","2020-01","1.1","23.9","10.8"
"USR0000CCOR","CORRALITOS CALIFORNIA, CA US","36.9911","-121.7978","137.2","2020-02","0.0","31.1","12.4"
"USR0000CCOR","CORRALITOS CALIFORNIA, CA US","36.9911","-121.7978","137.2","2020-03","1.1","25.0","11.8"
"US1CASZ0036","BOULDER CREEK 4.1 N, CA US","37.1952777777778","-122.140555555556","299.9","2019-01",,,
"US1CASZ0036","BOULDER CREEK 4.1 N, CA US","37.1952777777778","-122.140555555556","299.9","2019-02",,,
"US1CASZ0036","BOULDER CREEK 4.1 N, CA US","37.1952777777778","-122.140555555556","299.9","2019-03",,,
"US1CASZ0036","BOULDER CREEK 4.1 N, CA US","37.1952777777778","-122.140555555556","299.9","2019-04",,,
"US1CASZ0036","BOULDER CREEK 4.1 N, CA US","37.1952777777778","-122.140555555556","299.9","2019-05",,,
"US1CASZ0036","BOULDER CREEK 4.1 N, CA US","37.1952777777778","-122.140555555556","299.9","2020-01",,,
"US1CASZ0036","BOULDER CREEK 4.1 N, CA US","37.1952777777778","-122.140555555556","299.9","2020-02",,,
"US1CASZ0036","BOULDER CREEK 4.1 N, CA US","37.1952777777778","-122.140555555556","299.9","2020-03",,,
"US1CAAL0011","SAN LORENZO 0.5 NNW, CA US","37.682092","-122.133229","9.1","2019-01",,,
"US1CAAL0011","SAN LORENZO 0.5 NNW, CA US","37.682092","-122.133229","9.1","2019-03",,,
"US1CAAL0012","PLEASANTON 0.4 ESE, CA US","37.6702","-121.8814","104.9","2019-01",,,
"US1CAAL0012","PLEASANTON 0.4 ESE, CA US","37.6702","-121.8814","104.9","2019-02",,,
"US1CAAL0012","PLEASANTON 0.4 ESE, CA US","37.6702","-121.8814","104.9","2019-03",,,
"US1CAAL0012","PLEASANTON 0.4 ESE, CA US","37.6702","-121.8814","104.9","2019-04",,,
"US1CAAL0012","PLEASANTON 0.4 ESE, CA US","37.6702","-121.8814","104.9","2019-05",,,
"US1CAAL0012","PLEASANTON 0.4 ESE, CA US","37.6702","-121.8814","104.9","2019-06",,,
"US1CAAL0012","PLEASANTON 0.4 ESE, CA US","37.6702","-121.8814","104.9","2019-07",,,
"US1CAAL0012","PLEASANTON 0.4 ESE, CA US","37.6702","-121.8814","104.9","2019-08",,,
"US1CAAL0012","PLEASANTON 0.4 ESE, CA US","37.6702","-121.8814","104.9","2019-09",,,
"US1CAAL0012","PLEASANTON 0.4 ESE, CA US","37.6702","-121.8814","104.9","2019-10",,,
"US1CAAL0012","PLEASANTON 0.4 ESE, CA US","37.6702","-121.8814","104.9","2019-11",,,
"US1CAAL0012","PLEASANTON 0.4 ESE, CA US","37.6702","-121.8814","104.9","2019-12",,,
"US1CAAL0012","PLEASANTON 0.4 ESE, CA US","37.6702","-121.8814","104.9","2020-01",,,
"US1CAAL0012","PLEASANTON 0.4 ESE, CA US","37.6702","-121.8814","104.9","2020-02",,,
"US1CAAL0012","PLEASANTON 0.4 ESE, CA US","37.6702","-121.8814","104.9","2020-03",,,
"USW00023293","SAN JOSE INTERNATIONAL AIRPORT, CA US","37.3591","-121.924","15.5","2019-01","0.6","20.6","11.8"
"USW00023293","SAN JOSE INTERNATIONAL AIRPORT, CA US","37.3591","-121.924","15.5","2019-02","0.6","17.8","9.5"
"USW00023293","SAN JOSE INTERNATIONAL AIRPORT, CA US","37.3591","-121.924","15.5","2019-03","3.9","25.6","12.6"
"USW00023293","SAN JOSE INTERNATIONAL AIRPORT, CA US","37.3591","-121.924","15.5","2019-04","8.3","31.7","16.4"
"USW00023293","SAN JOSE INTERNATIONAL AIRPORT, CA US","37.3591","-121.924","15.5","2019-05","7.2","25.6","16.2"
"USW00023293","SAN JOSE INTERNATIONAL AIRPORT, CA US","37.3591","-121.924","15.5","2019-06","10.6","37.8","20.7"
"USW00023293","SAN JOSE INTERNATIONAL AIRPORT, CA US","37.3591","-121.924","15.5","2019-07","12.2","33.3","21.0"
"USW00023293","SAN JOSE INTERNATIONAL AIRPORT, CA US","37.3591","-121.924","15.5","2019-08","13.3","37.2","22.6"
"USW00023293","SAN JOSE INTERNATIONAL AIRPORT, CA US","37.3591","-121.924","15.5","2019-09","8.3","37.2","20.8"
"USW00023293","SAN JOSE INTERNATIONAL AIRPORT, CA US","37.3591","-121.924","15.5","2019-10","5.6","32.2","17.6"
"USW00023293","SAN JOSE INTERNATIONAL AIRPORT, CA US","37.3591","-121.924","15.5","2019-11","2.2","25.6","13.7"
"USW00023293","SAN JOSE INTERNATIONAL AIRPORT, CA US","37.3591","-121.924","15.5","2019-12","1.1","21.1","11.8"
"USW00023293","SAN JOSE INTERNATIONAL AIRPORT, CA US","37.3591","-121.924","15.5","2020-01","1.7","20.6","10.6"
"USW00023293","SAN JOSE INTERNATIONAL AIRPORT, CA US","37.3591","-121.924","15.5","2020-02","1.7","26.1","12.8"
"USW00023293","SAN JOSE INTERNATIONAL AIRPORT, CA US","37.3591","-121.924","15.5","2020-03","2.8","25.6","12.7"
"US1CASC0063","GILROY 2.0 S, CA US","36.9811325073242","-121.572044372559","67.4","2019-01",,,
"US1CASC0063","GILROY 2.0 S, CA US","36.9811325073242","-121.572044372559","67.4","2019-02",,,
"US1CASM0005","MENLO PARK 2.4 W, CA US","37.476568","-122.187052","7.6","2019-02",,,
"US1CASM0005","MENLO PARK 2.4 W, CA US","37.476568","-122.187052","7.6","2020-03",,,
"US1CASM0006","FOSTER CITY 1.3 SW, CA US","37.54883","-122.2587","2.1","2019-01",,,
"US1CASM0006","FOSTER CITY 1.3 SW, CA US","37.54883","-122.2587","2.1","2019-02",,,
"US1CASM0006","FOSTER CITY 1.3 SW, CA US","37.54883","-122.2587","2.1","2019-03",,,
"US1CASM0006","FOSTER CITY 1.3 SW, CA US","37.54883","-122.2587","2.1","2019-04",,,
"US1CASM0006","FOSTER CITY 1.3 SW, CA US","37.54883","-122.2587","2.1","2019-05",,,
"US1CASM0006","FOSTER CITY 1.3 SW, CA US","37.54883","-122.2587","2.1","2019-06",,,
"US1CASM0006","FOSTER CITY 1.3 SW, CA US","37.54883","-122.2587","2.1","2019-07",,,
"US1CASM0006","FOSTER CITY 1.3 SW, CA US","37.54883","-122.2587","2.1","2019-08",,,
"US1CASM0006","FOSTER CITY 1.3 SW, CA US","37.54883","-122.2587","2.1","2019-09",,,
"US1CASM0006","FOSTER CITY 1.3 SW, CA US","37.54883","-122.2587","2.1","2019-10",,,
"US1CASM0006","FOSTER CITY 1.3 SW, CA US","37.54883","-122.2587","2.1","2019-11",,,
"US1CASM0006","FOSTER CITY 1.3 SW, CA US","37.54883","-122.2587","2.1","2019-12",,,
"US1CASM0006","FOSTER CITY 1.3 SW, CA US","37.54883","-122.2587","2.1","2020-01",,,
"US1CASM0006","FOSTER CITY 1.3 SW, CA US","37.54883","-122.2587","2.1","2020-02",,,
"US1CASM0006","FOSTER CITY 1.3 SW, CA US","37.54883","-122.2587","2.1","2020-03",,,
"USR0000CPOV","POVERTY CALIFORNIA, CA US","37.4431","-121.7706","629.7","2019-01","2.8","17.8","10.4"
"USR0000CPOV","POVERTY CALIFORNIA, CA US","37.4431","-121.7706","629.7","2019-02","-0.6","13.3","6.1"
"USR0000CPOV","POVERTY CALIFORNIA, CA US","37.4431","-121.7706","629.7","2019-03","2.2","21.1","9.9"
"USR0000CPOV","POVERTY CALIFORNIA, CA US","37.4431","-121.7706","629.7","2019-04","5.0","27.8","14.0"
"USR0000CPOV","POVERTY CALIFORNIA, CA US","37.4431","-121.7706","629.7","2019-05","5.6","23.3","12.6"
"USR0000CPOV","POVERTY CALIFORNIA, CA US","37.4431","-121.7706","629.7","2019-06","6.7","35.6","20.1"
"USR0000CPOV","POVERTY CALIFORNIA, CA US","37.4431","-121.7706","629.7","2019-07","9.4","35.0","21.7"
"USR0000CPOV","POVERTY CALIFORNIA, CA US","37.4431","-121.7706","629.7","2019-08","10.0","35.6","22.4"
"USR0000CPOV","POVERTY CALIFORNIA, CA US","37.4431","-121.7706","629.7","2019-09","6.7","33.3","19.5"
"USR0000CPOV","POVERTY CALIFORNIA, CA US","37.4431","-121.7706","629.7","2019-10","6.7","30.0","17.8"
"USR0000CPOV","POVERTY CALIFORNIA, CA US","37.4431","-121.7706","629.7","2019-11","1.7","25.6","14.9"
"USR0000CPOV","POVERTY CALIFORNIA, CA US","37.4431","-121.7706","629.7","2019-12","2.8","16.1","9.5"
"USR0000CPOV","POVERTY CALIFORNIA, CA US","37.4431","-121.7706","629.7","2020-01","1.1","18.3","9.2"
"USR0000CPOV","POVERTY CALIFORNIA, CA US","37.4431","-121.7706","629.7","2020-02","0.6","22.2","11.8"
"USR0000CPOV","POVERTY CALIFORNIA, CA US","37.4431","-121.7706","629.7","2020-03","1.7","22.8","9.2"
"USC00045933","MOUNT HAMILTON, CA US","37.3436","-121.6425","1282.0","2019-01","-2.2","19.4","7.3"
"USC00045933","MOUNT HAMILTON, CA US","37.3436","-121.6425","1282.0","2019-02","-5.6","9.4","1.2"
"USC00045933","MOUNT HAMILTON, CA US","37.3436","-121.6425","1282.0","2019-03","-3.3","18.3","5.6"
"USC00045933","MOUNT HAMILTON, CA US","37.3436","-121.6425","1282.0","2019-04","1.7","25.0","11.5"
"USC00045933","MOUNT HAMILTON, CA US","37.3436","-121.6425","1282.0","2019-05","0.6","21.1","10.8"
"USC00045933","MOUNT HAMILTON, CA US","37.3436","-121.6425","1282.0","2019-06","5.6","30.6","19.3"
"USC00045933","MOUNT HAMILTON, CA US","37.3436","-121.6425","1282.0","2019-07","11.7","31.7","21.1"
"USC00045933","MOUNT HAMILTON, CA US","37.3436","-121.6425","1282.0","2019-08","10.0","31.7","22.4"
"USC00045933","MOUNT HAMILTON, CA US","37.3436","-121.6425","1282.0","2019-09","2.2","30.0","16.9"
"USC00045933","MOUNT HAMILTON, CA US","37.3436","-121.6425","1282.0","2019-10","2.8","26.1","14.1"
"USC00045933","MOUNT HAMILTON, CA US","37.3436","-121.6425","1282.0","2019-11","-3.3","23.3","12.1"
"USC00045933","MOUNT HAMILTON, CA US","37.3436","-121.6425","1282.0","2019-12","-1.7","12.2","5.2"
"USC00045933","MOUNT HAMILTON, CA US","37.3436","-121.6425","1282.0","2020-01","-2.2","17.2","5.6"
"USC00045933","MOUNT HAMILTON, CA US","37.3436","-121.6425","1282.0","2020-02","-4.4","20.0","9.0"
"USC00045933","MOUNT HAMILTON, CA US","37.3436","-121.6425","1282.0","2020-03","-3.3","19.4","4.6"
"US1CASM0008","REDWOOD CITY 2.5 SW, CA US","37.493111","-122.239927","5.2","2019-02",,,
"US1CASM0008","REDWOOD CITY 2.5 SW, CA US","37.493111","-122.239927","5.2","2019-03",,,
"US1CASM0008","REDWOOD CITY 2.5 SW, CA US","37.493111","-122.239927","5.2","2019-04",,,
"US1CASM0008","REDWOOD CITY 2.5 SW, CA US","37.493111","-122.239927","5.2","2019-08",,,
"US1CASM0008","REDWOOD CITY 2.5 SW, CA US","37.493111","-122.239927","5.2","2019-09",,,
"US1CASC0057","MORGAN HILL 4.5 NW, CA US","37.172527","-121.702959","94.5","2019-01",,,
"US1CASC0057","MORGAN HILL 4.5 NW, CA US","37.172527","-121.702959","94.5","2019-02",,,
"US1CASC0057","MORGAN HILL 4.5 NW, CA US","37.172527","-121.702959","94.5","2019-03",,,
"US1CASC0057","MORGAN HILL 4.5 NW, CA US","37.172527","-121.702959","94.5","2019-11",,,
"US1CASC0057","MORGAN HILL 4.5 NW, CA US","37.172527","-121.702959","94.5","2019-12",,,
"US1CASC0057","MORGAN HILL 4.5 NW, CA US","37.172527","-121.702959","94.5","2020-01",,,
"US1CASC0012","SAN JOSE 3.5 ENE, CA US","37.31905","-121.788742","61.0","2019-01",,,
"US1CASC0012","SAN JOSE 3.5 ENE, CA US","37.31905","-121.788742","61.0","2019-02",,,
"US1CASC0012","SAN JOSE 3.5 ENE, CA US","37.31905","-121.788742","61.0","2019-03",,,
"US1CASC0012","SAN JOSE 3.5 ENE, CA US","37.31905","-121.788742","61.0","2019-04",,,
"US1CASC0012","SAN JOSE 3.5 ENE, CA US","37.31905","-121.788742","61.0","2019-05",,,
"US1CASC0012","SAN JOSE 3.5 ENE, CA US","37.31905","-121.788742","61.0","2019-06",,,
"US1CASC0012","SAN JOSE 3.5 ENE, CA US","37.31905","-121.788742","61.0","2019-07",,,
"US1CASC0012","SAN JOSE 3.5 ENE, CA US","37.31905","-121.788742","61.0","2019-08",,,
"US1CASC0012","SAN JOSE 3.5 ENE, CA US","37.31905","-121.788742","61.0","2019-09",,,
"US1CASC0012","SAN JOSE 3.5 ENE, CA US","37.31905","-121.788742","61.0","2019-10",,,
"US1CASC0012","SAN JOSE 3.5 ENE, CA US","37.31905","-121.788742","61.0","2019-12",,,
"US1CASC0012","SAN JOSE 3.5 ENE, CA US","37.31905","-121.788742","61.0","2020-01",,,
"US1CASC0012","SAN JOSE 3.5 ENE, CA US","37.31905","-121.788742","61.0","2020-02",,,
"US1CASC0012","SAN JOSE 3.5 ENE, CA US","37.31905","-121.788742","61.0","2020-03",,,
"USC00047916","SANTA CRUZ, CA US","36.98785","-121.99952","21.3","2019-01","0.0","23.3","12.5"
"USC00047916","SANTA CRUZ, CA US","36.98785","-121.99952","21.3","2019-02","-0.6","21.1","10.1"
"USC00047916","SANTA CRUZ, CA US","36.98785","-121.99952","21.3","2019-03","1.7","26.1","12.7"
"USC00047916","SANTA CRUZ, CA US","36.98785","-121.99952","21.3","2019-04","6.7","27.2","15.6"
"USC00047916","SANTA CRUZ, CA US","36.98785","-121.99952","21.3","2019-05","6.1","26.1","15.4"
"USC00047916","SANTA CRUZ, CA US","36.98785","-121.99952","21.3","2019-06","7.8","35.0","17.8"
"USC00047916","SANTA CRUZ, CA US","36.98785","-121.99952","21.3","2019-07","11.1","31.1","18.4"
"USC00047916","SANTA CRUZ, CA US","36.98785","-121.99952","21.3","2019-08","11.1","30.0","19.6"
"USC00047916","SANTA CRUZ, CA US","36.98785","-121.99952","21.3","2019-09","7.2","39.4","21.1"
"USC00047916","SANTA CRUZ, CA US","36.98785","-121.99952","21.3","2019-10","3.9","36.1","17.0"
"USC00047916","SANTA CRUZ, CA US","36.98785","-121.99952","21.3","2019-11","1.7","28.3","13.3"
"USC00047916","SANTA CRUZ, CA US","36.98785","-121.99952","21.3","2019-12","1.7","23.3","12.6"
"USC00047916","SANTA CRUZ, CA US","36.98785","-121.99952","21.3","2020-01",,,
"USC00047916","SANTA CRUZ, CA US","36.98785","-121.99952","21.3","2020-02","1.7","27.2","12.5"
"USC00047916","SANTA CRUZ, CA US","36.98785","-121.99952","21.3","2020-03",,,
"US1CASC0015","SARATOGA 0.5 N, CA US","37.274817","-122.022649","113.7","2019-01",,,
"US1CASC0015","SARATOGA 0.5 N, CA US","37.274817","-122.022649","113.7","2019-02",,,
"US1CASC0015","SARATOGA 0.5 N, CA US","37.274817","-122.022649","113.7","2019-03",,,
"US1CASC0015","SARATOGA 0.5 N, CA US","37.274817","-122.022649","113.7","2019-04",,,
"US1CASC0015","SARATOGA 0.5 N, CA US","37.274817","-122.022649","113.7","2019-05",,,
"US1CASC0015","SARATOGA 0.5 N, CA US","37.274817","-122.022649","113.7","2019-06",,,
"US1CASC0015","SARATOGA 0.5 N, CA US","37.274817","-122.022649","113.7","2019-07",,,
"US1CASC0015","SARATOGA 0.5 N, CA US","37.274817","-122.022649","113.7","2019-08",,,
"US1CASC0015","SARATOGA 0.5 N, CA US","37.274817","-122.022649","113.7","2019-09",,,
"US1CASC0015","SARATOGA 0.5 N, CA US","37.274817","-122.022649","113.7","2019-10",,,
"US1CASC0015","SARATOGA 0.5 N, CA US","37.274817","-122.022649","113.7","2019-11",,,
"US1CASC0015","SARATOGA 0.5 N, CA US","37.274817","-122.022649","113.7","2019-12",,,
"US1CASC0015","SARATOGA 0.5 N, CA US","37.274817","-122.022649","113.7","2020-01",,,
"US1CASC0015","SARATOGA 0.5 N, CA US","37.274817","-122.022649","113.7","2020-02",,,
"US1CASC0015","SARATOGA 0.5 N, CA US","37.274817","-122.022649","113.7","2020-03",,,
"USC00046144","NEWARK, CA US","37.5147","-122.0325","3.0","2019-01","3.3","20.0","12.0"
"USC00046144","NEWARK, CA US","37.5147","-122.0325","3.0","2019-02","1.7","18.9","9.7"
"USC00046144","NEWARK, CA US","37.5147","-122.0325","3.0","2019-03","5.6","23.3","12.5"
"USC00046144","NEWARK, CA US","37.5147","-122.0325","3.0","2019-04","9.4","29.4","16.1"
"USC00046144","NEWARK, CA US","37.5147","-122.0325","3.0","2019-05","9.4","23.3","15.6"
"USC00046144","NEWARK, CA US","37.5147","-122.0325","3.0","2019-06","10.6","36.7","19.9"
"USC00046144","NEWARK, CA US","37.5147","-122.0325","3.0","2019-07","11.1","31.1","19.1"
"USC00046144","NEWARK, CA US","37.5147","-122.0325","3.0","2019-08","12.8","35.0","20.8"
"USC00046144","NEWARK, CA US","37.5147","-122.0325","3.0","2019-09","9.4","33.3","19.0"
"USC00046144","NEWARK, CA US","37.5147","-122.0325","3.0","2019-10","5.0","31.7","16.1"
"USC00046144","NEWARK, CA US","37.5147","-122.0325","3.0","2019-11","0.0","22.2","11.9"
"USC00046144","NEWARK, CA US","37.5147","-122.0325","3.0","2019-12","-1.1","18.3","9.0"
"USC00046144","NEWARK, CA US","37.5147","-122.0325","3.0","2020-01","-1.1","15.6","7.6"
"USC00046144","NEWARK, CA US","37.5147","-122.0325","3.0","2020-02","-1.1","24.4","12.3"
"USC00046144","NEWARK, CA US","37.5147","-122.0325","3.0","2020-03","5.0","23.9","13.0"
"US1CAAL0024","FREMONT 3.7 NE, CA US","37.571972","-121.95903","31.1","2019-03",,,
"USC00049473","WATSONVILLE WATERWORKS, CA US","36.9308","-121.7691","29.0","2019-01","-1.1","25.0","12.0"
"USC00049473","WATSONVILLE WATERWORKS, CA US","36.9308","-121.7691","29.0","2019-02","-0.6","18.3","9.7"
"USC00049473","WATSONVILLE WATERWORKS, CA US","36.9308","-121.7691","29.0","2019-03","3.3","27.2","12.7"
"USC00049473","WATSONVILLE WATERWORKS, CA US","36.9308","-121.7691","29.0","2019-04","6.7","28.9","15.4"
"USC00049473","WATSONVILLE WATERWORKS, CA US","36.9308","-121.7691","29.0","2019-05","6.7","22.2","14.6"
"USC00049473","WATSONVILLE WATERWORKS, CA US","36.9308","-121.7691","29.0","2019-06","9.4","38.9","17.2"
"USC00049473","WATSONVILLE WATERWORKS, CA US","36.9308","-121.7691","29.0","2019-07","11.7","26.7","17.4"
"USC00049473","WATSONVILLE WATERWORKS, CA US","36.9308","-121.7691","29.0","2019-08","12.2","29.4","18.4"
"USC00049473","WATSONVILLE WATERWORKS, CA US","36.9308","-121.7691","29.0","2019-09","6.7","37.2","19.2"
"USC00049473","WATSONVILLE WATERWORKS, CA US","36.9308","-121.7691","29.0","2019-10","3.3","35.6","16.3"
"USC00049473","WATSONVILLE WATERWORKS, CA US","36.9308","-121.7691","29.0","2019-11","1.1","29.4","13.3"
"USC00049473","WATSONVILLE WATERWORKS, CA US","36.9308","-121.7691","29.0","2019-12","0.0","19.4","10.9"
"USC00049473","WATSONVILLE WATERWORKS, CA US","36.9308","-121.7691","29.0","2020-01","1.7","20.6","10.3"
"USC00049473","WATSONVILLE WATERWORKS, CA US","36.9308","-121.7691","29.0","2020-02","0.6","28.3","11.8"
"USC00049473","WATSONVILLE WATERWORKS, CA US","36.9308","-121.7691","29.0","2020-03","1.7","22.8","11.5"
"US1CASZ0006","BOULDER CREEK 3.6 NE, CA US","37.1811","-122.0911","525.5","2019-01",,,
"US1CASZ0006","BOULDER CREEK 3.6 NE, CA US","37.1811","-122.0911","525.5","2019-02",,,
"US1CASZ0006","BOULDER CREEK 3.6 NE, CA US","37.1811","-122.0911","525.5","2019-03",,,
"US1CASZ0006","BOULDER CREEK 3.6 NE, CA US","37.1811","-122.0911","525.5","2019-04",,,
"US1CASZ0006","BOULDER CREEK 3.6 NE, CA US","37.1811","-122.0911","525.5","2019-05",,,
"US1CASZ0006","BOULDER CREEK 3.6 NE, CA US","37.1811","-122.0911","525.5","2019-06",,,
"US1CASZ0006","BOULDER CREEK 3.6 NE, CA US","37.1811","-122.0911","525.5","2019-07",,,
"US1CASZ0006","BOULDER CREEK 3.6 NE, CA US","37.1811","-122.0911","525.5","2019-08",,,
"US1CASZ0006","BOULDER CREEK 3.6 NE, CA US","37.1811","-122.0911","525.5","2019-09",,,
"US1CASZ0006","BOULDER CREEK 3.6 NE, CA US","37.1811","-122.0911","525.5","2019-10",,,
"US1CASZ0006","BOULDER CREEK 3.6 NE, CA US","37.1811","-122.0911","525.5","2019-11",,,
"US1CASZ0006","BOULDER CREEK 3.6 NE, CA US","37.1811","-122.0911","525.5","2019-12",,,
"US1CASZ0006","BOULDER CREEK 3.6 NE, CA US","37.1811","-122.0911","525.5","2020-01",,,
"US1CASZ0006","BOULDER CREEK 3.6 NE, CA US","37.1811","-122.0911","525.5","2020-02",,,
"US1CASZ0006","BOULDER CREEK 3.6 NE, CA US","37.1811","-122.0911","525.5","2020-03",,,
"US1CASM0034","EAST PALO ALTO 0.3 WSW, CA US","37.463695","-122.137153","4.6","2019-02",,,
"US1CASM0034","EAST PALO ALTO 0.3 WSW, CA US","37.463695","-122.137153","4.6","2019-03",,,
"US1CASM0034","EAST PALO ALTO 0.3 WSW, CA US","37.463695","-122.137153","4.6","2019-04",,,
"US1CASM0034","EAST PALO ALTO 0.3 WSW, CA US","37.463695","-122.137153","4.6","2019-05",,,
"US1CASM0034","EAST PALO ALTO 0.3 WSW, CA US","37.463695","-122.137153","4.6","2019-06",,,
"US1CASM0034","EAST PALO ALTO 0.3 WSW, CA US","37.463695","-122.137153","4.6","2019-08",,,
"US1CASM0034","EAST PALO ALTO 0.3 WSW, CA US","37.463695","-122.137153","4.6","2019-09",,,
"US1CASM0034","EAST PALO ALTO 0.3 WSW, CA US","37.463695","-122.137153","4.6","2019-10",,,
"US1CASM0034","EAST PALO ALTO 0.3 WSW, CA US","37.463695","-122.137153","4.6","2019-11",,,
"US1CASM0034","EAST PALO ALTO 0.3 WSW, CA US","37.463695","-122.137153","4.6","2019-12",,,
"US1CASM0034","EAST PALO ALTO 0.3 WSW, CA US","37.463695","-122.137153","4.6","2020-01",,,
"US1CASM0034","EAST PALO ALTO 0.3 WSW, CA US","37.463695","-122.137153","4.6","2020-03",,,
"US1CASM0032","SAN MATEO 0.8 NE, CA US","37.568428","-122.30121","1.5","2019-01",,,
"US1CASM0032","SAN MATEO 0.8 NE, CA US","37.568428","-122.30121","1.5","2019-02",,,
"US1CASM0032","SAN MATEO 0.8 NE, CA US","37.568428","-122.30121","1.5","2019-03",,,
"US1CASM0032","SAN MATEO 0.8 NE, CA US","37.568428","-122.30121","1.5","2019-04",,,
"US1CASM0032","SAN MATEO 0.8 NE, CA US","37.568428","-122.30121","1.5","2019-06",,,
"US1CASM0032","SAN MATEO 0.8 NE, CA US","37.568428","-122.30121","1.5","2019-07",,,
"US1CASM0032","SAN MATEO 0.8 NE, CA US","37.568428","-122.30121","1.5","2019-08",,,
"US1CASM0032","SAN MATEO 0.8 NE, CA US","37.568428","-122.30121","1.5","2019-12",,,
"US1CASZ0041","SANTA CRUZ 5.7 N, CA US","37.0556","-122.033428","107.6","2019-01",,,
"US1CASZ0041","SANTA CRUZ 5.7 N, CA US","37.0556","-122.033428","107.6","2019-02",,,
"US1CASZ0041","SANTA CRUZ 5.7 N, CA US","37.0556","-122.033428","107.6","2019-03",,,
"US1CASZ0041","SANTA CRUZ 5.7 N, CA US","37.0556","-122.033428","107.6","2019-05",,,
"US1CASZ0041","SANTA CRUZ 5.7 N, CA US","37.0556","-122.033428","107.6","2019-06",,,
"US1CASZ0041","SANTA CRUZ 5.7 N, CA US","37.0556","-122.033428","107.6","2019-09",,,
"US1CASZ0041","SANTA CRUZ 5.7 N, CA US","37.0556","-122.033428","107.6","2019-10",,,
"US1CASZ0041","SANTA CRUZ 5.7 N, CA US","37.0556","-122.033428","107.6","2019-11",,,
"US1CASZ0041","SANTA CRUZ 5.7 N, CA US","37.0556","-122.033428","107.6","2019-12",,,
"US1CASZ0041","SANTA CRUZ 5.7 N, CA US","37.0556","-122.033428","107.6","2020-01",,,
"US1CASZ0041","SANTA CRUZ 5.7 N, CA US","37.0556","-122.033428","107.6","2020-02",,,
"US1CASZ0041","SANTA CRUZ 5.7 N, CA US","37.0556","-122.033428","107.6","2020-03",,,
"US1CASC0032","SAN JOSE 6.2 W, CA US","37.31851","-121.960763","42.4","2019-01",,,
"US1CASC0032","SAN JOSE 6.2 W, CA US","37.31851","-121.960763","42.4","2019-02",,,
"US1CASC0032","SAN JOSE 6.2 W, CA US","37.31851","-121.960763","42.4","2019-03",,,
"US1CASC0032","SAN JOSE 6.2 W, CA US","37.31851","-121.960763","42.4","2019-04",,,
"US1CASC0032","SAN JOSE 6.2 W, CA US","37.31851","-121.960763","42.4","2019-05",,,
"US1CASC0032","SAN JOSE 6.2 W, CA US","37.31851","-121.960763","42.4","2019-06",,,
"US1CASC0032","SAN JOSE 6.2 W, CA US","37.31851","-121.960763","42.4","2019-07",,,
"US1CASC0032","SAN JOSE 6.2 W, CA US","37.31851","-121.960763","42.4","2019-08",,,
"US1CASC0032","SAN JOSE 6.2 W, CA US","37.31851","-121.960763","42.4","2019-09",,,
"US1CASC0032","SAN JOSE 6.2 W, CA US","37.31851","-121.960763","42.4","2019-10",,,
"US1CASC0032","SAN JOSE 6.2 W, CA US","37.31851","-121.960763","42.4","2019-11",,,
"US1CASC0032","SAN JOSE 6.2 W, CA US","37.31851","-121.960763","42.4","2019-12",,,
"US1CASC0032","SAN JOSE 6.2 W, CA US","37.31851","-121.960763","42.4","2020-01",,,
"US1CASC0032","SAN JOSE 6.2 W, CA US","37.31851","-121.960763","42.4","2020-02",,,
"US1CASC0032","SAN JOSE 6.2 W, CA US","37.31851","-121.960763","42.4","2020-03",,,
"US1CASM0038","SAN CARLOS 0.2 NW, CA US","37.4995974834295","-122.26890563","31.1","2019-04",,,
"US1CASM0038","SAN CARLOS 0.2 NW, CA US","37.4995974834295","-122.26890563","31.1","2019-05",,,
"US1CASM0038","SAN CARLOS 0.2 NW, CA US","37.4995974834295","-122.26890563","31.1","2019-06",,,
"US1CASM0038","SAN CARLOS 0.2 NW, CA US","37.4995974834295","-122.26890563","31.1","2019-07",,,
"US1CASM0038","SAN CARLOS 0.2 NW, CA US","37.4995974834295","-122.26890563","31.1","2019-08",,,
"US1CASM0038","SAN CARLOS 0.2 NW, CA US","37.4995974834295","-122.26890563","31.1","2019-09",,,
"US1CASM0038","SAN CARLOS 0.2 NW, CA US","37.4995974834295","-122.26890563","31.1","2019-10",,,
"US1CASM0038","SAN CARLOS 0.2 NW, CA US","37.4995974834295","-122.26890563","31.1","2019-11",,,
"US1CASM0038","SAN CARLOS 0.2 NW, CA US","37.4995974834295","-122.26890563","31.1","2019-12",,,
"US1CASM0038","SAN CARLOS 0.2 NW, CA US","37.4995974834295","-122.26890563","31.1","2020-01",,,
"US1CASM0038","SAN CARLOS 0.2 NW, CA US","37.4995974834295","-122.26890563","31.1","2020-02",,,
"US1CASM0038","SAN CARLOS 0.2 NW, CA US","37.4995974834295","-122.26890563","31.1","2020-03",,,
"US1CASC0070","GILROY 3.8 NNE, CA US","37.062143","-121.554316","87.5","2019-12",,,
"US1CASC0070","GILROY 3.8 NNE, CA US","37.062143","-121.554316","87.5","2020-01",,,
"US1CASC0070","GILROY 3.8 NNE, CA US","37.062143","-121.554316","87.5","2020-02",,,
"US1CASC0070","GILROY 3.8 NNE, CA US","37.062143","-121.554316","87.5","2020-03",,,
"US1CASZ0042","WATSONVILLE 1.0 N, CA US","36.934","-121.7656","32.3","2019-01",,,
"US1CASZ0042","WATSONVILLE 1.0 N, CA US","36.934","-121.7656","32.3","2019-02",,,
"US1CASZ0042","WATSONVILLE 1.0 N, CA US","36.934","-121.7656","32.3","2019-03",,,
"US1CASZ0042","WATSONVILLE 1.0 N, CA US","36.934","-121.7656","32.3","2019-04",,,
"US1CASZ0042","WATSONVILLE 1.0 N, CA US","36.934","-121.7656","32.3","2019-05",,,
"US1CASZ0044","FELTON 4.0 NNE, CA US","37.097643","-122.048703","326.4","2019-01",,,
"US1CASZ0044","FELTON 4.0 NNE, CA US","37.097643","-122.048703","326.4","2019-03",,,
"US1CASZ0044","FELTON 4.0 NNE, CA US","37.097643","-122.048703","326.4","2019-04",,,
"US1CASZ0044","FELTON 4.0 NNE, CA US","37.097643","-122.048703","326.4","2019-09",,,
"US1CASZ0044","FELTON 4.0 NNE, CA US","37.097643","-122.048703","326.4","2019-10",,,
"US1CASZ0044","FELTON 4.0 NNE, CA US","37.097643","-122.048703","326.4","2019-11",,,
"US1CASZ0044","FELTON 4.0 NNE, CA US","37.097643","-122.048703","326.4","2019-12",,,
"US1CASZ0044","FELTON 4.0 NNE, CA US","37.097643","-122.048703","326.4","2020-01",,,
"US1CASZ0044","FELTON 4.0 NNE, CA US","37.097643","-122.048703","326.4","2020-02",,,
"US1CASZ0044","FELTON 4.0 NNE, CA US","37.097643","-122.048703","326.4","2020-03",,,
"USR0000CRSP","ROSE PEAK CALIFORNIA, CA US","37.5019","-121.7355","932.7","2019-01","-1.7","20.0","8.5"
"USR0000CRSP","ROSE PEAK CALIFORNIA, CA US","37.5019","-121.7355","932.7","2019-02","-3.3","11.1","3.0"
"USR0000CRSP","ROSE PEAK CALIFORNIA, CA US","37.5019","-121.7355","932.7","2019-03","-0.6","18.9","7.0"
"USR0000CRSP","ROSE PEAK CALIFORNIA, CA US","37.5019","-121.7355","932.7","2019-04","3.3","25.6","12.1"
"USR0000CRSP","ROSE PEAK CALIFORNIA, CA US","37.5019","-121.7355","932.7","2019-05","2.2","21.7","11.3"
"USR0000CRSP","ROSE PEAK CALIFORNIA, CA US","37.5019","-121.7355","932.7","2019-06","6.1","32.2","20.2"
"USR0000CRSP","ROSE PEAK CALIFORNIA, CA US","37.5019","-121.7355","932.7","2019-07","12.8","32.2","21.6"
"USR0000CRSP","ROSE PEAK CALIFORNIA, CA US","37.5019","-121.7355","932.7","2019-08","10.0","32.8","22.5"
"USR0000CRSP","ROSE PEAK CALIFORNIA, CA US","37.5019","-121.7355","932.7","2019-09","3.9","30.6","17.9"
"USR0000CRSP","ROSE PEAK CALIFORNIA, CA US","37.5019","-121.7355","932.7","2019-10","4.4","27.8","15.4"
"USR0000CRSP","ROSE PEAK CALIFORNIA, CA US","37.5019","-121.7355","932.7","2019-11","-1.1","25.0","13.5"
"USR0000CRSP","ROSE PEAK CALIFORNIA, CA US","37.5019","-121.7355","932.7","2019-12","0.0","14.4","7.3"
"USR0000CRSP","ROSE PEAK CALIFORNIA, CA US","37.5019","-121.7355","932.7","2020-01","-0.6","19.4","7.3"
"USR0000CRSP","ROSE PEAK CALIFORNIA, CA US","37.5019","-121.7355","932.7","2020-02","-2.2","21.1","10.1"
"USR0000CRSP","ROSE PEAK CALIFORNIA, CA US","37.5019","-121.7355","932.7","2020-03","-1.1","21.1","6.5"
"US1CASC0069","SAN JOSE 3.7 NW, CA US","37.3456","-121.8935","23.2","2020-01",,,
"US1CASC0069","SAN JOSE 3.7 NW, CA US","37.3456","-121.8935","23.2","2020-02",,,
"US1CASC0069","SAN JOSE 3.7 NW, CA US","37.3456","-121.8935","23.2","2020-03",,,
"USR0000CLGA","LOS GATOS CALIFORNIA, CA US","37.2028","-121.9428","609.6","2019-01","0.0","20.6","10.8"
"USR0000CLGA","LOS GATOS CALIFORNIA, CA US","37.2028","-121.9428","609.6","2019-02","0.0","15.0","6.9"
"USR0000CLGA","LOS GATOS CALIFORNIA, CA US","37.2028","-121.9428","609.6","2019-03","2.2","23.3","10.6"
"USR0000CLGA","LOS GATOS CALIFORNIA, CA US","37.2028","-121.9428","609.6","2019-04","5.6","31.7","15.1"
"USR0000CLGA","LOS GATOS CALIFORNIA, CA US","37.2028","-121.9428","609.6","2019-05","5.6","25.6","13.5"
"USR0000CLGA","LOS GATOS CALIFORNIA, CA US","37.2028","-121.9428","609.6","2019-06","6.7","37.2","20.7"
"USR0000CLGA","LOS GATOS CALIFORNIA, CA US","37.2028","-121.9428","609.6","2019-07","9.4","35.6","22.1"
"USR0000CLGA","LOS GATOS CALIFORNIA, CA US","37.2028","-121.9428","609.6","2019-08","10.0","38.3","22.8"
"USR0000CLGA","LOS GATOS CALIFORNIA, CA US","37.2028","-121.9428","609.6","2019-09","6.7","35.0","20.3"
"USR0000CLGA","LOS GATOS CALIFORNIA, CA US","37.2028","-121.9428","609.6","2019-10","6.7","30.0","17.8"
"USR0000CLGA","LOS GATOS CALIFORNIA, CA US","37.2028","-121.9428","609.6","2019-11","0.6","25.6","14.6"
"USR0000CLGA","LOS GATOS CALIFORNIA, CA US","37.2028","-121.9428","609.6","2019-12","2.8","18.3","9.8"
"USR0000CLGA","LOS GATOS CALIFORNIA, CA US","37.2028","-121.9428","609.6","2020-01","2.2","19.4","9.4"
"USR0000CLGA","LOS GATOS CALIFORNIA, CA US","37.2028","-121.9428","609.6","2020-02","-0.6","25.0","12.2"
"USR0000CLGA","LOS GATOS CALIFORNIA, CA US","37.2028","-121.9428","609.6","2020-03","2.2","25.0","9.9"
"USC00043244","FREMONT, CA US","37.5422","-122.0158","11.6","2019-01","0.0","18.9","11.5"
"USC00043244","FREMONT, CA US","37.5422","-122.0158","11.6","2019-02","-0.6","17.2","9.3"
"USC00043244","FREMONT, CA US","37.5422","-122.0158","11.6","2019-03","2.8","24.4","12.3"
"USC00043244","FREMONT, CA US","37.5422","-122.0158","11.6","2019-04","6.7","30.0","16.2"
"USC00043244","FREMONT, CA US","37.5422","-122.0158","11.6","2019-05","8.3","25.0","15.5"
"USC00043244","FREMONT, CA US","37.5422","-122.0158","11.6","2019-06","9.4","37.2","20.0"
"USC00043244","FREMONT, CA US","37.5422","-122.0158","11.6","2019-07","11.7","33.9","20.0"
"USC00043244","FREMONT, CA US","37.5422","-122.0158","11.6","2019-08","12.8","36.7","21.6"
"USC00043244","FREMONT, CA US","37.5422","-122.0158","11.6","2019-09","7.8","34.4","20.0"
"USC00043244","FREMONT, CA US","37.5422","-122.0158","11.6","2019-10","5.0","30.6","16.5"
"USC00043244","FREMONT, CA US","37.5422","-122.0158","11.6","2019-11","1.7","25.6","12.8"
"USC00043244","FREMONT, CA US","37.5422","-122.0158","11.6","2019-12","0.0","18.9","10.9"
"USC00043244","FREMONT, CA US","37.5422","-122.0158","11.6","2020-01","1.7","18.9","10.0"
"USC00043244","FREMONT, CA US","37.5422","-122.0158","11.6","2020-02","0.0","23.3","12.2"
"USC00043244","FREMONT, CA US","37.5422","-122.0158","11.6","2020-03","2.8","24.4","12.0"
"US1CASZ0057","WATSONVILLE 4.4 NW, CA US","36.9665","-121.8212","121.6","2020-01",,,
"US1CASZ0057","WATSONVILLE 4.4 NW, CA US","36.9665","-121.8212","121.6","2020-02",,,
"US1CASZ0057","WATSONVILLE 4.4 NW, CA US","36.9665","-121.8212","121.6","2020-03",,,
"USR0000CBNL","BEN LOMOND CALIFORNIA, CA US","37.1317","-122.17","801.6","2019-01","0.6","21.7","9.5"
"USR0000CBNL","BEN LOMOND CALIFORNIA, CA US","37.1317","-122.17","801.6","2019-02","-2.8","12.2","4.4"
"USR0000CBNL","BEN LOMOND CALIFORNIA, CA US","37.1317","-122.17","801.6","2019-03","0.6","20.6","8.2"
"USR0000CBNL","BEN LOMOND CALIFORNIA, CA US","37.1317","-122.17","801.6","2019-04","4.4","27.2","13.0"
"USR0000CBNL","BEN LOMOND CALIFORNIA, CA US","37.1317","-122.17","801.6","2019-05","2.8","23.9","11.6"
"USR0000CBNL","BEN LOMOND CALIFORNIA, CA US","37.1317","-122.17","801.6","2019-06","6.1","32.8","19.9"
"USR0000CBNL","BEN LOMOND CALIFORNIA, CA US","37.1317","-122.17","801.6","2019-07","8.9","34.4","21.2"
"USR0000CBNL","BEN LOMOND CALIFORNIA, CA US","37.1317","-122.17","801.6","2019-08","8.3","33.9","21.9"
"USR0000CBNL","BEN LOMOND CALIFORNIA, CA US","37.1317","-122.17","801.6","2019-09","4.4","32.8","19.1"
"USR0000CBNL","BEN LOMOND CALIFORNIA, CA US","37.1317","-122.17","801.6","2019-10","6.7","30.6","17.2"
"USR0000CBNL","BEN LOMOND CALIFORNIA, CA US","37.1317","-122.17","801.6","2019-11","0.0","26.1","14.2"
"USR0000CBNL","BEN LOMOND CALIFORNIA, CA US","37.1317","-122.17","801.6","2019-12","2.2","13.9","8.0"
"USR0000CBNL","BEN LOMOND CALIFORNIA, CA US","37.1317","-122.17","801.6","2020-01","1.1","20.6","8.7"
"USR0000CBNL","BEN LOMOND CALIFORNIA, CA US","37.1317","-122.17","801.6","2020-02","-0.6","22.8","11.8"
"USR0000CBNL","BEN LOMOND CALIFORNIA, CA US","37.1317","-122.17","801.6","2020-03","0.0","22.8","7.7"
"USC00048273","SKYLINE RIDGE PRESERVE, CA US","37.3133","-122.185","691.9","2019-01","-0.6","18.3","9.3"
"USC00048273","SKYLINE RIDGE PRESERVE, CA US","37.3133","-122.185","691.9","2019-02","-1.1","12.8","5.3"
"USC00048273","SKYLINE RIDGE PRESERVE, CA US","37.3133","-122.185","691.9","2019-03","1.1","21.7","8.7"
"USC00048273","SKYLINE RIDGE PRESERVE, CA US","37.3133","-122.185","691.9","2019-04","3.9","28.9","13.4"
"USC00048273","SKYLINE RIDGE PRESERVE, CA US","37.3133","-122.185","691.9","2019-06","4.4","35.6","19.3"
"USC00048273","SKYLINE RIDGE PRESERVE, CA US","37.3133","-122.185","691.9","2019-07","7.8","34.4","20.0"
"USC00048273","SKYLINE RIDGE PRESERVE, CA US","37.3133","-122.185","691.9","2019-08","9.4","35.0","21.4"
"USC00048273","SKYLINE RIDGE PRESERVE, CA US","37.3133","-122.185","691.9","2019-09","5.0","32.8","18.9"
"USC00048273","SKYLINE RIDGE PRESERVE, CA US","37.3133","-122.185","691.9","2019-11","-1.1","26.7","13.7"
"USC00048273","SKYLINE RIDGE PRESERVE, CA US","37.3133","-122.185","691.9","2020-01","-0.6","18.9","8.3"
"USC00048273","SKYLINE RIDGE PRESERVE, CA US","37.3133","-122.185","691.9","2020-02","-1.1","23.3","11.2"
"USC00048273","SKYLINE RIDGE PRESERVE, CA US","37.3133","-122.185","691.9","2020-03","-0.6","23.3","8.3"
"US1CASC0042","SUNNYVALE 3.6 S, CA US","37.334451","-122.017949","51.8","2019-01",,,
"US1CASC0042","SUNNYVALE 3.6 S, CA US","37.334451","-122.017949","51.8","2019-02",,,
"US1CASC0042","SUNNYVALE 3.6 S, CA US","37.334451","-122.017949","51.8","2019-03",,,
"US1CASC0042","SUNNYVALE 3.6 S, CA US","37.334451","-122.017949","51.8","2019-04",,,
"US1CASC0042","SUNNYVALE 3.6 S, CA US","37.334451","-122.017949","51.8","2019-06",,,
"US1CASC0042","SUNNYVALE 3.6 S, CA US","37.334451","-122.017949","51.8","2019-07",,,
"US1CASC0042","SUNNYVALE 3.6 S, CA US","37.334451","-122.017949","51.8","2019-08",,,
"US1CASC0042","SUNNYVALE 3.6 S, CA US","37.334451","-122.017949","51.8","2019-09",,,
"US1CASC0042","SUNNYVALE 3.6 S, CA US","37.334451","-122.017949","51.8","2019-10",,,
"US1CASC0042","SUNNYVALE 3.6 S, CA US","37.334451","-122.017949","51.8","2019-11",,,
"US1CASC0042","SUNNYVALE 3.6 S, CA US","37.334451","-122.017949","51.8","2019-12",,,
"US1CASC0042","SUNNYVALE 3.6 S, CA US","37.334451","-122.017949","51.8","2020-01",,,
"US1CASC0042","SUNNYVALE 3.6 S, CA US","37.334451","-122.017949","51.8","2020-02",,,
"US1CASC0042","SUNNYVALE 3.6 S, CA US","37.334451","-122.017949","51.8","2020-03",,,
"US1CASZ0050","FELTON 0.2 WSW, CA US","37.04154","-122.07463","101.5","2019-02",,,
"US1CASZ0050","FELTON 0.2 WSW, CA US","37.04154","-122.07463","101.5","2019-12",,,
"US1CASC0041","LOS ALTOS HILLS 1.3 N, CA US","37.3865","-122.1355","59.1","2019-02",,,
"US1CASC0041","LOS ALTOS HILLS 1.3 N, CA US","37.3865","-122.1355","59.1","2019-12",,,
"US1CASC0041","LOS ALTOS HILLS 1.3 N, CA US","37.3865","-122.1355","59.1","2020-03",,,
"USR0000CLAH","LA HONDA CALIFORNIA, CA US","37.3053","-122.255","265.8","2019-01","0.0","21.1","11.2"
"USR0000CLAH","LA HONDA CALIFORNIA, CA US","37.3053","-122.255","265.8","2019-02","0.0","15.0","7.7"
"USR0000CLAH","LA HONDA CALIFORNIA, CA US","37.3053","-122.255","265.8","2019-03","1.7","23.3","10.6"
"USR0000CLAH","LA HONDA CALIFORNIA, CA US","37.3053","-122.255","265.8","2019-04","3.3","30.6","13.4"
"USR0000CLAH","LA HONDA CALIFORNIA, CA US","37.3053","-122.255","265.8","2019-05","2.8","23.3","12.9"
"USR0000CLAH","LA HONDA CALIFORNIA, CA US","37.3053","-122.255","265.8","2019-06","6.7","36.7","17.4"
"USR0000CLAH","LA HONDA CALIFORNIA, CA US","37.3053","-122.255","265.8","2019-07","7.8","33.3","17.6"
"USR0000CLAH","LA HONDA CALIFORNIA, CA US","37.3053","-122.255","265.8","2019-08","8.9","36.1","19.2"
"USR0000CLAH","LA HONDA CALIFORNIA, CA US","37.3053","-122.255","265.8","2019-09","4.4","36.7","18.5"
"USR0000CLAH","LA HONDA CALIFORNIA, CA US","37.3053","-122.255","265.8","2019-10","3.9","32.8","16.6"
"USR0000CLAH","LA HONDA CALIFORNIA, CA US","37.3053","-122.255","265.8","2019-11","0.0","29.4","12.9"
"USR0000CLAH","LA HONDA CALIFORNIA, CA US","37.3053","-122.255","265.8","2019-12","0.6","18.3","10.3"
"USR0000CLAH","LA HONDA CALIFORNIA, CA US","37.3053","-122.255","265.8","2020-01","0.6","23.3","9.8"
"USR0000CLAH","LA HONDA CALIFORNIA, CA US","37.3053","-122.255","265.8","2020-02","0.0","26.1","11.9"
"USR0000CLAH","LA HONDA CALIFORNIA, CA US","37.3053","-122.255","265.8","2020-03","1.1","24.4","10.6"
"US1CASM0022","WOODSIDE 3.4 S, CA US","37.3753814697266","-122.263740539551","485.2","2019-01",,,
"US1CASM0022","WOODSIDE 3.4 S, CA US","37.3753814697266","-122.263740539551","485.2","2019-02",,,
"US1CASM0022","WOODSIDE 3.4 S, CA US","37.3753814697266","-122.263740539551","485.2","2019-03",,,
"US1CASM0022","WOODSIDE 3.4 S, CA US","37.3753814697266","-122.263740539551","485.2","2019-04",,,
"US1CASM0022","WOODSIDE 3.4 S, CA US","37.3753814697266","-122.263740539551","485.2","2019-05",,,
"US1CASM0022","WOODSIDE 3.4 S, CA US","37.3753814697266","-122.263740539551","485.2","2019-06",,,
"US1CASM0022","WOODSIDE 3.4 S, CA US","37.3753814697266","-122.263740539551","485.2","2019-07",,,
"US1CASM0022","WOODSIDE 3.4 S, CA US","37.3753814697266","-122.263740539551","485.2","2019-08",,,
"US1CASM0022","WOODSIDE 3.4 S, CA US","37.3753814697266","-122.263740539551","485.2","2019-09",,,
"US1CASM0022","WOODSIDE 3.4 S, CA US","37.3753814697266","-122.263740539551","485.2","2019-10",,,
"US1CASM0022","WOODSIDE 3.4 S, CA US","37.3753814697266","-122.263740539551","485.2","2019-11",,,
"US1CASM0022","WOODSIDE 3.4 S, CA US","37.3753814697266","-122.263740539551","485.2","2019-12",,,
"US1CASM0022","WOODSIDE 3.4 S, CA US","37.3753814697266","-122.263740539551","485.2","2020-01",,,
"US1CASM0022","WOODSIDE 3.4 S, CA US","37.3753814697266","-122.263740539551","485.2","2020-02",,,
"US1CASM0022","WOODSIDE 3.4 S, CA US","37.3753814697266","-122.263740539551","485.2","2020-03",,,
"US1CASZ0051","WATSONVILLE 3.9 NW, CA US","36.9557","-121.8217","100.3","2019-01",,,
"US1CASZ0051","WATSONVILLE 3.9 NW, CA US","36.9557","-121.8217","100.3","2019-02",,,
"US1CASZ0051","WATSONVILLE 3.9 NW, CA US","36.9557","-121.8217","100.3","2019-03",,,
"US1CASZ0051","WATSONVILLE 3.9 NW, CA US","36.9557","-121.8217","100.3","2019-04",,,
"US1CASZ0051","WATSONVILLE 3.9 NW, CA US","36.9557","-121.8217","100.3","2019-05",,,
"US1CASZ0051","WATSONVILLE 3.9 NW, CA US","36.9557","-121.8217","100.3","2019-06",,,
"US1CASZ0051","WATSONVILLE 3.9 NW, CA US","36.9557","-121.8217","100.3","2019-07",,,
"US1CASZ0051","WATSONVILLE 3.9 NW, CA US","36.9557","-121.8217","100.3","2019-08",,,
"US1CASZ0051","WATSONVILLE 3.9 NW, CA US","36.9557","-121.8217","100.3","2019-09",,,
"US1CASZ0051","WATSONVILLE 3.9 NW, CA US","36.9557","-121.8217","100.3","2019-10",,,
"US1CASZ0051","WATSONVILLE 3.9 NW, CA US","36.9557","-121.8217","100.3","2019-11",,,
"US1CASZ0051","WATSONVILLE 3.9 NW, CA US","36.9557","-121.8217","100.3","2019-12",,,
"US1CASZ0051","WATSONVILLE 3.9 NW, CA US","36.9557","-121.8217","100.3","2020-01",,,
"US1CASZ0051","WATSONVILLE 3.9 NW, CA US","36.9557","-121.8217","100.3","2020-02",,,
"US1CASZ0051","WATSONVILLE 3.9 NW, CA US","36.9557","-121.8217","100.3","2020-03",,,
"US1CASZ0053","SANTA CRUZ 1.6 E, CA US","36.9706458","-122.00784","17.7","2019-01",,,
"US1CASZ0053","SANTA CRUZ 1.6 E, CA US","36.9706458","-122.00784","17.7","2019-02",,,
"US1CASZ0053","SANTA CRUZ 1.6 E, CA US","36.9706458","-122.00784","17.7","2019-12",,,
"US1CASZ0053","SANTA CRUZ 1.6 E, CA US","36.9706458","-122.00784","17.7","2020-01",,,
"USW00023277","WATSONVILLE MUNICIPAL AIRPORT, CA US","36.9358","-121.7886","48.8","2019-01","-1.6","23.3","11.5"
"USW00023277","WATSONVILLE MUNICIPAL AIRPORT, CA US","36.9358","-121.7886","48.8","2019-02","-1.0","17.2","9.1"
"USW00023277","WATSONVILLE MUNICIPAL AIRPORT, CA US","36.9358","-121.7886","48.8","2019-03","2.2","24.4","11.9"
"USW00023277","WATSONVILLE MUNICIPAL AIRPORT, CA US","36.9358","-121.7886","48.8","2019-04","5.6","27.2","14.3"
"USW00023277","WATSONVILLE MUNICIPAL AIRPORT, CA US","36.9358","-121.7886","48.8","2019-05","5.0","22.8","14.3"
"USW00023277","WATSONVILLE MUNICIPAL AIRPORT, CA US","36.9358","-121.7886","48.8","2019-06","8.3","37.8","17.2"
"USW00023277","WATSONVILLE MUNICIPAL AIRPORT, CA US","36.9358","-121.7886","48.8","2019-07","10.0","29.4","17.6"
"USW00023277","WATSONVILLE MUNICIPAL AIRPORT, CA US","36.9358","-121.7886","48.8","2019-08","11.1","31.7","19.0"
"USW00023277","WATSONVILLE MUNICIPAL AIRPORT, CA US","36.9358","-121.7886","48.8","2019-09","7.2","38.3","19.9"
"USW00023277","WATSONVILLE MUNICIPAL AIRPORT, CA US","36.9358","-121.7886","48.8","2019-10","3.9","36.1","16.9"
"USW00023277","WATSONVILLE MUNICIPAL AIRPORT, CA US","36.9358","-121.7886","48.8","2019-11","1.7","30.0","13.5"
"USW00023277","WATSONVILLE MUNICIPAL AIRPORT, CA US","36.9358","-121.7886","48.8","2019-12","0.6","20.0","11.6"
"USW00023277","WATSONVILLE MUNICIPAL AIRPORT, CA US","36.9358","-121.7886","48.8","2020-01","1.7","23.3","11.1"
"USW00023277","WATSONVILLE MUNICIPAL AIRPORT, CA US","36.9358","-121.7886","48.8","2020-02","0.0","28.3","11.8"
"USW00023277","WATSONVILLE MUNICIPAL AIRPORT, CA US","36.9358","-121.7886","48.8","2020-03","1.7","22.8","11.9"
"US1CASC0040","LOS GATOS 5.4 SSW, CA US","37.15603","-121.98754","506.6","2019-01",,,
"US1CASC0040","LOS GATOS 5.4 SSW, CA US","37.15603","-121.98754","506.6","2019-02",,,
"US1CASC0040","LOS GATOS 5.4 SSW, CA US","37.15603","-121.98754","506.6","2019-03",,,
"US1CASC0040","LOS GATOS 5.4 SSW, CA US","37.15603","-121.98754","506.6","2019-04",,,
"US1CASC0040","LOS GATOS 5.4 SSW, CA US","37.15603","-121.98754","506.6","2019-05",,,
"US1CASC0040","LOS GATOS 5.4 SSW, CA US","37.15603","-121.98754","506.6","2019-06",,,
"US1CASC0040","LOS GATOS 5.4 SSW, CA US","37.15603","-121.98754","506.6","2019-07",,,
"US1CASC0040","LOS GATOS 5.4 SSW, CA US","37.15603","-121.98754","506.6","2019-08",,,
"US1CASC0040","LOS GATOS 5.4 SSW, CA US","37.15603","-121.98754","506.6","2019-09",,,
"US1CASC0040","LOS GATOS 5.4 SSW, CA US","37.15603","-121.98754","506.6","2019-10",,,
"US1CASC0040","LOS GATOS 5.4 SSW, CA US","37.15603","-121.98754","506.6","2019-11",,,
"US1CASC0040","LOS GATOS 5.4 SSW, CA US","37.15603","-121.98754","506.6","2019-12",,,
"US1CASC0040","LOS GATOS 5.4 SSW, CA US","37.15603","-121.98754","506.6","2020-01",,,
"US1CASC0040","LOS GATOS 5.4 SSW, CA US","37.15603","-121.98754","506.6","2020-02",,,
"US1CASC0040","LOS GATOS 5.4 SSW, CA US","37.15603","-121.98754","506.6","2020-03",,,
"US1CASZ0055","SANTA CRUZ 0.9 WNW, CA US","36.980269","-122.049212","113.7","2019-10",,,
"US1CASZ0055","SANTA CRUZ 0.9 WNW, CA US","36.980269","-122.049212","113.7","2019-11",,,
"US1CASZ0055","SANTA CRUZ 0.9 WNW, CA US","36.980269","-122.049212","113.7","2019-12",,,
"US1CASZ0055","SANTA CRUZ 0.9 WNW, CA US","36.980269","-122.049212","113.7","2020-01",,,
"US1CASZ0055","SANTA CRUZ 0.9 WNW, CA US","36.980269","-122.049212","113.7","2020-02",,,
"US1CASZ0055","SANTA CRUZ 0.9 WNW, CA US","36.980269","-122.049212","113.7","2020-03",,,
"USC00047339","REDWOOD CITY, CA US","37.4767","-122.2386","9.4","2019-01","-0.6","21.1","11.2"
"USC00047339","REDWOOD CITY, CA US","37.4767","-122.2386","9.4","2019-02","0.0","16.7","9.2"
"USC00047339","REDWOOD CITY, CA US","37.4767","-122.2386","9.4","2019-03","2.8","26.1","11.9"
"USC00047339","REDWOOD CITY, CA US","37.4767","-122.2386","9.4","2019-04","6.7","32.2","15.8"
"USC00047339","REDWOOD CITY, CA US","37.4767","-122.2386","9.4","2019-05","7.2","26.7","15.5"
"USC00047339","REDWOOD CITY, CA US","37.4767","-122.2386","9.4","2019-06","8.9","38.9","20.5"
"USC00047339","REDWOOD CITY, CA US","37.4767","-122.2386","9.4","2019-07","11.1","35.0","20.5"
"USC00047339","REDWOOD CITY, CA US","37.4767","-122.2386","9.4","2019-08","12.8","37.8","21.6"
"USC00047339","REDWOOD CITY, CA US","37.4767","-122.2386","9.4","2019-09","8.9","37.2","20.3"
"USC00047339","REDWOOD CITY, CA US","37.4767","-122.2386","9.4","2019-10","3.9","32.8","16.4"
"USC00047339","REDWOOD CITY, CA US","37.4767","-122.2386","9.4","2019-11","0.6","24.4","12.1"
"USC00047339","REDWOOD CITY, CA US","37.4767","-122.2386","9.4","2019-12","0.6","18.9","11.1"
"USC00047339","REDWOOD CITY, CA US","37.4767","-122.2386","9.4","2020-01","1.7","20.6","10.0"
"USC00047339","REDWOOD CITY, CA US","37.4767","-122.2386","9.4","2020-02","0.6","25.6","12.2"
"USC00047339","REDWOOD CITY, CA US","37.4767","-122.2386","9.4","2020-03","2.8","25.6","12.1"
"USR0000CALT","LOS ALTOS CALIFORNIA, CA US","37.3581","-122.1472","196.6","2019-01","0.6","21.7","11.9"
"USR0000CALT","LOS ALTOS CALIFORNIA, CA US","37.3581","-122.1472","196.6","2019-02","0.0","16.7","9.2"
"USR0000CALT","LOS ALTOS CALIFORNIA, CA US","37.3581","-122.1472","196.6","2019-03","3.3","25.0","11.9"
"USR0000CALT","LOS ALTOS CALIFORNIA, CA US","37.3581","-122.1472","196.6","2019-04","5.6","32.2","15.6"
"USR0000CALT","LOS ALTOS CALIFORNIA, CA US","37.3581","-122.1472","196.6","2019-05","5.6","27.8","15.3"
"USR0000CALT","LOS ALTOS CALIFORNIA, CA US","37.3581","-122.1472","196.6","2019-06","6.7","39.4","20.5"
"USR0000CALT","LOS ALTOS CALIFORNIA, CA US","37.3581","-122.1472","196.6","2019-07","9.4","35.0","20.6"
"USR0000CALT","LOS ALTOS CALIFORNIA, CA US","37.3581","-122.1472","196.6","2019-08","10.6","39.4","21.8"
"USR0000CALT","LOS ALTOS CALIFORNIA, CA US","37.3581","-122.1472","196.6","2019-09","7.8","37.2","20.6"
"USR0000CALT","LOS ALTOS CALIFORNIA, CA US","37.3581","-122.1472","196.6","2019-10","6.1","33.9","18.1"
"USR0000CALT","LOS ALTOS CALIFORNIA, CA US","37.3581","-122.1472","196.6","2019-11","0.6","28.3","14.1"
"USR0000CALT","LOS ALTOS CALIFORNIA, CA US","37.3581","-122.1472","196.6","2019-12","2.8","20.0","11.3"
"USR0000CALT","LOS ALTOS CALIFORNIA, CA US","37.3581","-122.1472","196.6","2020-01","2.2","22.2","10.7"
"USR0000CALT","LOS ALTOS CALIFORNIA, CA US","37.3581","-122.1472","196.6","2020-02","1.1","26.1","12.9"
"USR0000CALT","LOS ALTOS CALIFORNIA, CA US","37.3581","-122.1472","196.6","2020-03","2.8","26.7","11.7"
"USC00043417","GILROY, CA US","37.003","-121.5608","59.1","2019-02","-2.2","18.3","9.7"
"USC00043417","GILROY, CA US","37.003","-121.5608","59.1","2019-04","6.7","35.0","16.6"
"USC00043417","GILROY, CA US","37.003","-121.5608","59.1","2019-05","6.7","29.4","16.3"
"USC00043417","GILROY, CA US","37.003","-121.5608","59.1","2019-06","9.4","40.0","20.7"
"USC00043417","GILROY, CA US","37.003","-121.5608","59.1","2019-07","10.0","38.9","21.7"
"USC00043417","GILROY, CA US","37.003","-121.5608","59.1","2019-08","10.0","41.7","22.7"
"USC00043417","GILROY, CA US","37.003","-121.5608","59.1","2019-12","0.0","21.7","10.9"
"USC00043417","GILROY, CA US","37.003","-121.5608","59.1","2020-01","0.0","21.1","9.9"
"USC00043417","GILROY, CA US","37.003","-121.5608","59.1","2020-02","-1.1","27.2","12.4"
"USC00043417","GILROY, CA US","37.003","-121.5608","59.1","2020-03","0.0","26.1","12.8"
"USR0000CCLV","CALAVERAS ROAD CALIFORNIA, CA US","37.5531","-121.8439","374.9","2019-01","3.3","19.4","11.1"
"USR0000CCLV","CALAVERAS ROAD CALIFORNIA, CA US","37.5531","-121.8439","374.9","2019-02","1.1","15.6","7.8"
"USR0000CCLV","CALAVERAS ROAD CALIFORNIA, CA US","37.5531","-121.8439","374.9","2019-03","4.4","23.3","11.3"
"USR0000CCLV","CALAVERAS ROAD CALIFORNIA, CA US","37.5531","-121.8439","374.9","2019-04","6.7","30.6","15.1"
"USR0000CCLV","CALAVERAS ROAD CALIFORNIA, CA US","37.5531","-121.8439","374.9","2019-05","7.2","25.0","13.9"
"USR0000CCLV","CALAVERAS ROAD CALIFORNIA, CA US","37.5531","-121.8439","374.9","2019-06","7.8","37.8","19.8"
"USR0000CCLV","CALAVERAS ROAD CALIFORNIA, CA US","37.5531","-121.8439","374.9","2019-07","10.0","34.4","20.2"
"USR0000CCLV","CALAVERAS ROAD CALIFORNIA, CA US","37.5531","-121.8439","374.9","2019-08","12.2","37.2","21.8"
"USR0000CCLV","CALAVERAS ROAD CALIFORNIA, CA US","37.5531","-121.8439","374.9","2019-09","8.3","35.6","20.2"
"USR0000CCLV","CALAVERAS ROAD CALIFORNIA, CA US","37.5531","-121.8439","374.9","2019-10","7.8","31.7","18.3"
"USR0000CCLV","CALAVERAS ROAD CALIFORNIA, CA US","37.5531","-121.8439","374.9","2019-11","2.2","27.2","14.9"
"USR0000CCLV","CALAVERAS ROAD CALIFORNIA, CA US","37.5531","-121.8439","374.9","2019-12","3.9","18.9","10.5"
"USR0000CCLV","CALAVERAS ROAD CALIFORNIA, CA US","37.5531","-121.8439","374.9","2020-01","2.8","18.3","9.8"
"USR0000CCLV","CALAVERAS ROAD CALIFORNIA, CA US","37.5531","-121.8439","374.9","2020-02","2.2","23.9","12.6"
"USR0000CCLV","CALAVERAS ROAD CALIFORNIA, CA US","37.5531","-121.8439","374.9","2020-03","1.7","24.4","10.8"
