,STATION,NAME,LATITUDE,LONGITUDE,ELEVATION,DATE,TAVG,TMAX,TMIN,EMNT,EMXT
51,USC00049473,"WATSONVILLE WATERWORKS, CA US",36.9308,-121.7691,29,2011-11,11.8,18,5.6,,
52,USC00049473,"WATSONVILLE WATERWORKS, CA US",36.9308,-121.7691,29,2011-12,9.7,17.5,1.9,,
53,USC00049473,"WATSONVILLE WATERWORKS, CA US",36.9308,-121.7691,29,2012-01,10.7,18.3,3.1,,
54,USC00049473,"WATSONVILLE WATERWORKS, CA US",36.9308,-121.7691,29,2012-02,11.1,18,4.2,,
55,USC00049473,"WATSONVILLE WATERWORKS, CA US",36.9308,-121.7691,29,2012-03,11.5,17.5,5.5,,
56,USC00049473,"WATSONVILLE WATERWORKS, CA US",36.9308,-121.7691,29,2012-11,14.3,20.6,8,,
57,USC00049473,"WATSONVILLE WATERWORKS, CA US",36.9308,-121.7691,29,2012-12,9.9,15.2,4.7,,
58,USC00049473,"WATSONVILLE WATERWORKS, CA US",36.9308,-121.7691,29,2013-01,9.7,16.8,2.6,,
59,USC00049473,"WATSONVILLE WATERWORKS, CA US",36.9308,-121.7691,29,2013-02,10.1,17.1,3.1,,
60,USC00049473,"WATSONVILLE WATERWORKS, CA US",36.9308,-121.7691,29,2013-03,13.1,19.6,6.7,,
61,USC00049473,"WATSONVILLE WATERWORKS, CA US",36.9308,-121.7691,29,2013-11,13.8,21.1,6.6,,
62,USC00049473,"WATSONVILLE WATERWORKS, CA US",36.9308,-121.7691,29,2013-12,10.4,19.1,1.8,,
63,USC00049473,"WATSONVILLE WATERWORKS, CA US",36.9308,-121.7691,29,2014-01,13.4,22,4.8,,
64,USC00049473,"WATSONVILLE WATERWORKS, CA US",36.9308,-121.7691,29,2014-02,12.1,17.5,6.6,,
65,USC00049473,"WATSONVILLE WATERWORKS, CA US",36.9308,-121.7691,29,2014-03,14.4,20.5,8.4,,
66,USC00049473,"WATSONVILLE WATERWORKS, CA US",36.9308,-121.7691,29,2014-11,14.7,21,8.4,,
67,USC00049473,"WATSONVILLE WATERWORKS, CA US",36.9308,-121.7691,29,2014-12,12.9,17.3,8.5,,
68,USC00049473,"WATSONVILLE WATERWORKS, CA US",36.9308,-121.7691,29,2015-01,13.1,20.7,5.5,,
69,USC00049473,"WATSONVILLE WATERWORKS, CA US",36.9308,-121.7691,29,2015-02,14.4,21.2,7.7,,
70,USC00049473,"WATSONVILLE WATERWORKS, CA US",36.9308,-121.7691,29,2015-03,15.3,22.9,7.7,,
71,USC00049473,"WATSONVILLE WATERWORKS, CA US",36.9308,-121.7691,29,2015-11,13.3,20.4,6.2,,
72,USC00049473,"WATSONVILLE WATERWORKS, CA US",36.9308,-121.7691,29,2015-12,10.3,16.6,4,,
73,USC00049473,"WATSONVILLE WATERWORKS, CA US",36.9308,-121.7691,29,2016-01,12.4,16.8,8.1,,
74,USC00049473,"WATSONVILLE WATERWORKS, CA US",36.9308,-121.7691,29,2016-02,15.2,22.8,7.6,,
75,USC00049473,"WATSONVILLE WATERWORKS, CA US",36.9308,-121.7691,29,2016-03,14.3,20.1,8.5,,
76,USC00049473,"WATSONVILLE WATERWORKS, CA US",36.9308,-121.7691,29,2016-11,14.2,20.7,7.8,,
77,USC00049473,"WATSONVILLE WATERWORKS, CA US",36.9308,-121.7691,29,2016-12,10.3,16.1,4.4,,
78,USC00049473,"WATSONVILLE WATERWORKS, CA US",36.9308,-121.7691,29,2017-01,9.8,14.8,4.9,,
79,USC00049473,"WATSONVILLE WATERWORKS, CA US",36.9308,-121.7691,29,2017-02,12,16.9,7.1,,
80,USC00049473,"WATSONVILLE WATERWORKS, CA US",36.9308,-121.7691,29,2017-03,13.8,20.2,7.4,,
81,USC00049473,"WATSONVILLE WATERWORKS, CA US",36.9308,-121.7691,29,2017-11,14.9,21.4,8.5,,
82,USC00049473,"WATSONVILLE WATERWORKS, CA US",36.9308,-121.7691,29,2017-12,11.9,20.4,3.3,,
83,USC00049473,"WATSONVILLE WATERWORKS, CA US",36.9308,-121.7691,29,2018-01,12,17.6,6.4,,
84,USC00049473,"WATSONVILLE WATERWORKS, CA US",36.9308,-121.7691,29,2018-02,12,20.3,3.7,,
85,USC00049473,"WATSONVILLE WATERWORKS, CA US",36.9308,-121.7691,29,2018-03,11.6,18,5.2,,
86,USC00049473,"WATSONVILLE WATERWORKS, CA US",36.9308,-121.7691,29,2018-11,14.7,22.9,6.5,,
87,USC00049473,"WATSONVILLE WATERWORKS, CA US",36.9308,-121.7691,29,2018-12,11.6,18,5.3,,
88,USC00049473,"WATSONVILLE WATERWORKS, CA US",36.9308,-121.7691,29,2019-01,12,18,6,,
89,USC00049473,"WATSONVILLE WATERWORKS, CA US",36.9308,-121.7691,29,2019-02,9.7,15.4,4.1,,
90,USC00049473,"WATSONVILLE WATERWORKS, CA US",36.9308,-121.7691,29,2019-03,12.7,18.9,6.4,,
91,USC00049473,"WATSONVILLE WATERWORKS, CA US",36.9308,-121.7691,29,2019-11,13.3,20.5,6,,
92,USC00049473,"WATSONVILLE WATERWORKS, CA US",36.9308,-121.7691,29,2019-12,10.9,15.3,6.4,,
93,USC00049473,"WATSONVILLE WATERWORKS, CA US",36.9308,-121.7691,29,2020-01,10.3,16,4.5,,
94,USC00049473,"WATSONVILLE WATERWORKS, CA US",36.9308,-121.7691,29,2020-02,11.8,19.2,4.5,,
95,USC00049473,"WATSONVILLE WATERWORKS, CA US",36.9308,-121.7691,29,2020-03,11.5,16.6,6.4,,
317,USC00040673,"BEN LOMOND NUMBER 4, CA US",37.0855,-122.0797,128,2011-11,11.8,20.3,3.3,,
318,USC00040673,"BEN LOMOND NUMBER 4, CA US",37.0855,-122.0797,128,2011-12,10.1,20.2,0.1,,
319,USC00040673,"BEN LOMOND NUMBER 4, CA US",37.0855,-122.0797,128,2012-01,10.8,20.8,0.8,,
320,USC00040673,"BEN LOMOND NUMBER 4, CA US",37.0855,-122.0797,128,2012-02,11.6,20.6,2.5,,
321,USC00040673,"BEN LOMOND NUMBER 4, CA US",37.0855,-122.0797,128,2012-03,12.1,19.5,4.6,,
322,USC00040673,"BEN LOMOND NUMBER 4, CA US",37.0855,-122.0797,128,2012-11,14.6,22.5,6.7,,
323,USC00040673,"BEN LOMOND NUMBER 4, CA US",37.0855,-122.0797,128,2012-12,10.4,16.2,4.5,,
324,USC00040673,"BEN LOMOND NUMBER 4, CA US",37.0855,-122.0797,128,2013-01,9.8,18.8,0.8,,
325,USC00040673,"BEN LOMOND NUMBER 4, CA US",37.0855,-122.0797,128,2013-02,11.5,21.9,1,,
326,USC00040673,"BEN LOMOND NUMBER 4, CA US",37.0855,-122.0797,128,2013-03,14.1,23.8,4.4,,
327,USC00040673,"BEN LOMOND NUMBER 4, CA US",37.0855,-122.0797,128,2013-11,13.2,23.4,2.9,,
328,USC00040673,"BEN LOMOND NUMBER 4, CA US",37.0855,-122.0797,128,2013-12,9.4,21,-2.2,,
329,USC00040673,"BEN LOMOND NUMBER 4, CA US",37.0855,-122.0797,128,2014-01,12.5,24.5,0.6,,
330,USC00040673,"BEN LOMOND NUMBER 4, CA US",37.0855,-122.0797,128,2014-02,11.8,19.6,3.9,,
331,USC00040673,"BEN LOMOND NUMBER 4, CA US",37.0855,-122.0797,128,2014-03,13.8,23.6,4,,
332,USC00040673,"BEN LOMOND NUMBER 4, CA US",37.0855,-122.0797,128,2014-11,13.4,22.7,4.1,,
333,USC00040673,"BEN LOMOND NUMBER 4, CA US",37.0855,-122.0797,128,2014-12,12,16.7,7.2,,
334,USC00040673,"BEN LOMOND NUMBER 4, CA US",37.0855,-122.0797,128,2015-01,12.3,23.2,1.4,,
335,USC00040673,"BEN LOMOND NUMBER 4, CA US",37.0855,-122.0797,128,2015-02,13.7,23,4.5,,
336,USC00040673,"BEN LOMOND NUMBER 4, CA US",37.0855,-122.0797,128,2015-03,14.4,27.5,1.4,,
337,USC00040673,"BEN LOMOND NUMBER 4, CA US",37.0855,-122.0797,128,2015-11,11.9,22.1,1.7,,
338,USC00040673,"BEN LOMOND NUMBER 4, CA US",37.0855,-122.0797,128,2015-12,9.4,16.4,2.4,,
339,USC00040673,"BEN LOMOND NUMBER 4, CA US",37.0855,-122.0797,128,2016-01,11.1,15.8,6.4,,
340,USC00040673,"BEN LOMOND NUMBER 4, CA US",37.0855,-122.0797,128,2016-02,14.7,25.5,3.9,,
342,USC00040673,"BEN LOMOND NUMBER 4, CA US",37.0855,-122.0797,128,2016-11,13.7,21.7,5.7,,
343,USC00040673,"BEN LOMOND NUMBER 4, CA US",37.0855,-122.0797,128,2016-12,9.7,16.8,2.6,,
344,USC00040673,"BEN LOMOND NUMBER 4, CA US",37.0855,-122.0797,128,2017-01,9.3,15.4,3.3,,
345,USC00040673,"BEN LOMOND NUMBER 4, CA US",37.0855,-122.0797,128,2017-02,11.3,16.4,6.2,,
346,USC00040673,"BEN LOMOND NUMBER 4, CA US",37.0855,-122.0797,128,2017-03,14.8,24.4,5.3,,
347,USC00040673,"BEN LOMOND NUMBER 4, CA US",37.0855,-122.0797,128,2017-11,13.9,21.5,6.4,,
348,USC00040673,"BEN LOMOND NUMBER 4, CA US",37.0855,-122.0797,128,2017-12,10.7,20.9,0.5,,
349,USC00040673,"BEN LOMOND NUMBER 4, CA US",37.0855,-122.0797,128,2018-01,11.6,18.6,4.7,,
350,USC00040673,"BEN LOMOND NUMBER 4, CA US",37.0855,-122.0797,128,2018-02,12,22.8,1.1,,
351,USC00040673,"BEN LOMOND NUMBER 4, CA US",37.0855,-122.0797,128,2018-03,12.4,20.3,4.5,,
352,USC00040673,"BEN LOMOND NUMBER 4, CA US",37.0855,-122.0797,128,2018-11,13.8,24.2,3.4,,
353,USC00040673,"BEN LOMOND NUMBER 4, CA US",37.0855,-122.0797,128,2018-12,10.9,18.1,3.7,,
354,USC00040673,"BEN LOMOND NUMBER 4, CA US",37.0855,-122.0797,128,2019-01,11.5,17.7,5.2,,
355,USC00040673,"BEN LOMOND NUMBER 4, CA US",37.0855,-122.0797,128,2019-02,8.9,14.2,3.6,,
356,USC00040673,"BEN LOMOND NUMBER 4, CA US",37.0855,-122.0797,128,2019-03,12,19.5,4.5,,
357,USC00040673,"BEN LOMOND NUMBER 4, CA US",37.0855,-122.0797,128,2019-11,13.1,23.5,2.7,,
358,USC00040673,"BEN LOMOND NUMBER 4, CA US",37.0855,-122.0797,128,2019-12,10.6,15.2,5.9,,
359,USC00040673,"BEN LOMOND NUMBER 4, CA US",37.0855,-122.0797,128,2020-01,10.6,17.9,3.2,,
360,USC00040673,"BEN LOMOND NUMBER 4, CA US",37.0855,-122.0797,128,2020-02,12.7,23.2,2.1,,
361,USC00040673,"BEN LOMOND NUMBER 4, CA US",37.0855,-122.0797,128,2020-03,12.1,19.2,5.1,,
362,USR0000CCOR,"CORRALITOS CALIFORNIA, CA US",36.9911,-121.7978,137.2,2011-11,11.3,17.9,4.7,,
363,USR0000CCOR,"CORRALITOS CALIFORNIA, CA US",36.9911,-121.7978,137.2,2011-12,9.4,17,1.8,,
364,USR0000CCOR,"CORRALITOS CALIFORNIA, CA US",36.9911,-121.7978,137.2,2012-01,10.4,18.1,2.7,,
365,USR0000CCOR,"CORRALITOS CALIFORNIA, CA US",36.9911,-121.7978,137.2,2012-02,10.6,17.6,3.7,,
366,USR0000CCOR,"CORRALITOS CALIFORNIA, CA US",36.9911,-121.7978,137.2,2012-03,10.9,16.9,4.8,,
367,USR0000CCOR,"CORRALITOS CALIFORNIA, CA US",36.9911,-121.7978,137.2,2012-11,13.8,20.5,7.1,,
368,USR0000CCOR,"CORRALITOS CALIFORNIA, CA US",36.9911,-121.7978,137.2,2012-12,9.3,14.2,4.4,,
369,USR0000CCOR,"CORRALITOS CALIFORNIA, CA US",36.9911,-121.7978,137.2,2013-01,9.4,16.6,2.2,,
370,USR0000CCOR,"CORRALITOS CALIFORNIA, CA US",36.9911,-121.7978,137.2,2013-02,9.9,17.5,2.3,,
371,USR0000CCOR,"CORRALITOS CALIFORNIA, CA US",36.9911,-121.7978,137.2,2013-03,13.4,20.9,5.8,,
372,USR0000CCOR,"CORRALITOS CALIFORNIA, CA US",36.9911,-121.7978,137.2,2013-11,13.2,21,5.4,,
373,USR0000CCOR,"CORRALITOS CALIFORNIA, CA US",36.9911,-121.7978,137.2,2013-12,10.1,18.8,1.4,,
374,USR0000CCOR,"CORRALITOS CALIFORNIA, CA US",36.9911,-121.7978,137.2,2014-01,13.3,22.4,4.3,,
375,USR0000CCOR,"CORRALITOS CALIFORNIA, CA US",36.9911,-121.7978,137.2,2014-02,11.8,17.4,6.2,,
376,USR0000CCOR,"CORRALITOS CALIFORNIA, CA US",36.9911,-121.7978,137.2,2014-03,13.9,20.6,7.1,,
377,USR0000CCOR,"CORRALITOS CALIFORNIA, CA US",36.9911,-121.7978,137.2,2014-11,14,20.5,7.5,,
378,USR0000CCOR,"CORRALITOS CALIFORNIA, CA US",36.9911,-121.7978,137.2,2014-12,12,16.4,7.6,,
379,USR0000CCOR,"CORRALITOS CALIFORNIA, CA US",36.9911,-121.7978,137.2,2015-01,12.6,20.5,4.6,,
380,USR0000CCOR,"CORRALITOS CALIFORNIA, CA US",36.9911,-121.7978,137.2,2015-02,13.9,20.8,6.9,,
381,USR0000CCOR,"CORRALITOS CALIFORNIA, CA US",36.9911,-121.7978,137.2,2015-03,15.1,23.8,6.5,,
382,USR0000CCOR,"CORRALITOS CALIFORNIA, CA US",36.9911,-121.7978,137.2,2015-11,11.6,19,4.2,,
383,USR0000CCOR,"CORRALITOS CALIFORNIA, CA US",36.9911,-121.7978,137.2,2015-12,9.3,15.5,3.2,,
384,USR0000CCOR,"CORRALITOS CALIFORNIA, CA US",36.9911,-121.7978,137.2,2016-01,11.3,15.6,7,,
385,USR0000CCOR,"CORRALITOS CALIFORNIA, CA US",36.9911,-121.7978,137.2,2016-02,14.4,22.6,6.1,,
386,USR0000CCOR,"CORRALITOS CALIFORNIA, CA US",36.9911,-121.7978,137.2,2016-03,13.3,19.4,7.2,,
387,USR0000CCOR,"CORRALITOS CALIFORNIA, CA US",36.9911,-121.7978,137.2,2016-11,14.1,21,7.3,,
388,USR0000CCOR,"CORRALITOS CALIFORNIA, CA US",36.9911,-121.7978,137.2,2016-12,10.1,16.1,4.1,,
389,USR0000CCOR,"CORRALITOS CALIFORNIA, CA US",36.9911,-121.7978,137.2,2017-01,9.6,14.8,4.5,,
390,USR0000CCOR,"CORRALITOS CALIFORNIA, CA US",36.9911,-121.7978,137.2,2017-02,11.5,16.2,6.8,,
391,USR0000CCOR,"CORRALITOS CALIFORNIA, CA US",36.9911,-121.7978,137.2,2017-03,13.9,21.2,6.6,,
392,USR0000CCOR,"CORRALITOS CALIFORNIA, CA US",36.9911,-121.7978,137.2,2017-11,14.4,21,7.8,,
393,USR0000CCOR,"CORRALITOS CALIFORNIA, CA US",36.9911,-121.7978,137.2,2017-12,11.7,20.2,3.1,,
394,USR0000CCOR,"CORRALITOS CALIFORNIA, CA US",36.9911,-121.7978,137.2,2018-01,12.2,18.3,6.1,,
395,USR0000CCOR,"CORRALITOS CALIFORNIA, CA US",36.9911,-121.7978,137.2,2018-02,11.6,20,3.1,,
396,USR0000CCOR,"CORRALITOS CALIFORNIA, CA US",36.9911,-121.7978,137.2,2018-03,11.9,18.6,5.1,,
397,USR0000CCOR,"CORRALITOS CALIFORNIA, CA US",36.9911,-121.7978,137.2,2018-11,14.4,22.5,6.2,,
398,USR0000CCOR,"CORRALITOS CALIFORNIA, CA US",36.9911,-121.7978,137.2,2018-12,11,16.8,5.1,,
399,USR0000CCOR,"CORRALITOS CALIFORNIA, CA US",36.9911,-121.7978,137.2,2019-01,11.6,17.1,6.2,,
400,USR0000CCOR,"CORRALITOS CALIFORNIA, CA US",36.9911,-121.7978,137.2,2019-02,8.9,13.8,4,,
401,USR0000CCOR,"CORRALITOS CALIFORNIA, CA US",36.9911,-121.7978,137.2,2019-03,12.2,18.5,5.9,,
402,USR0000CCOR,"CORRALITOS CALIFORNIA, CA US",36.9911,-121.7978,137.2,2019-11,13.6,22.1,5,,
403,USR0000CCOR,"CORRALITOS CALIFORNIA, CA US",36.9911,-121.7978,137.2,2019-12,11.1,15.7,6.5,,
404,USR0000CCOR,"CORRALITOS CALIFORNIA, CA US",36.9911,-121.7978,137.2,2020-01,10.8,16.8,4.9,,
405,USR0000CCOR,"CORRALITOS CALIFORNIA, CA US",36.9911,-121.7978,137.2,2020-02,12.4,20.6,4.2,,
406,USR0000CCOR,"CORRALITOS CALIFORNIA, CA US",36.9911,-121.7978,137.2,2020-03,11.8,17.7,5.9,,
425,USR0000CBNL,"BEN LOMOND CALIFORNIA, CA US",37.1317,-122.17,801.6,2011-11,9.7,12.8,6.7,,
426,USR0000CBNL,"BEN LOMOND CALIFORNIA, CA US",37.1317,-122.17,801.6,2011-12,9.3,12.9,5.7,,
427,USR0000CBNL,"BEN LOMOND CALIFORNIA, CA US",37.1317,-122.17,801.6,2012-01,10.5,14.1,6.9,,
428,USR0000CBNL,"BEN LOMOND CALIFORNIA, CA US",37.1317,-122.17,801.6,2012-02,8.4,12,4.8,,
429,USR0000CBNL,"BEN LOMOND CALIFORNIA, CA US",37.1317,-122.17,801.6,2012-03,7.5,11.2,3.9,,
430,USR0000CBNL,"BEN LOMOND CALIFORNIA, CA US",37.1317,-122.17,801.6,2012-11,12.2,15.5,8.8,,
431,USR0000CBNL,"BEN LOMOND CALIFORNIA, CA US",37.1317,-122.17,801.6,2012-12,7.1,9.7,4.4,,
432,USR0000CBNL,"BEN LOMOND CALIFORNIA, CA US",37.1317,-122.17,801.6,2013-01,8.8,12.3,5.3,,
433,USR0000CBNL,"BEN LOMOND CALIFORNIA, CA US",37.1317,-122.17,801.6,2013-02,8.9,12.7,5,,
434,USR0000CBNL,"BEN LOMOND CALIFORNIA, CA US",37.1317,-122.17,801.6,2013-03,11.6,15.7,7.4,,
435,USR0000CBNL,"BEN LOMOND CALIFORNIA, CA US",37.1317,-122.17,801.6,2013-11,12.8,16.5,9,,
436,USR0000CBNL,"BEN LOMOND CALIFORNIA, CA US",37.1317,-122.17,801.6,2013-12,11.1,14.9,7.3,,
437,USR0000CBNL,"BEN LOMOND CALIFORNIA, CA US",37.1317,-122.17,801.6,2014-01,14.3,18,10.6,,
438,USR0000CBNL,"BEN LOMOND CALIFORNIA, CA US",37.1317,-122.17,801.6,2014-02,9.7,12.8,6.6,,
439,USR0000CBNL,"BEN LOMOND CALIFORNIA, CA US",37.1317,-122.17,801.6,2014-03,11.6,15.5,7.7,,
440,USR0000CBNL,"BEN LOMOND CALIFORNIA, CA US",37.1317,-122.17,801.6,2014-11,13.4,16.9,9.9,,
441,USR0000CBNL,"BEN LOMOND CALIFORNIA, CA US",37.1317,-122.17,801.6,2014-12,9.1,11.3,6.9,,
442,USR0000CBNL,"BEN LOMOND CALIFORNIA, CA US",37.1317,-122.17,801.6,2015-01,13.5,17.2,9.8,,
443,USR0000CBNL,"BEN LOMOND CALIFORNIA, CA US",37.1317,-122.17,801.6,2015-02,13.1,16.9,9.3,,
444,USR0000CBNL,"BEN LOMOND CALIFORNIA, CA US",37.1317,-122.17,801.6,2015-03,14.3,18.7,9.8,,
445,USR0000CBNL,"BEN LOMOND CALIFORNIA, CA US",37.1317,-122.17,801.6,2015-11,10.1,13.8,6.5,,
446,USR0000CBNL,"BEN LOMOND CALIFORNIA, CA US",37.1317,-122.17,801.6,2015-12,6.9,9.8,3.9,,
447,USR0000CBNL,"BEN LOMOND CALIFORNIA, CA US",37.1317,-122.17,801.6,2016-01,8,10.5,5.5,,
448,USR0000CBNL,"BEN LOMOND CALIFORNIA, CA US",37.1317,-122.17,801.6,2016-02,13.4,17.4,9.5,,
449,USR0000CBNL,"BEN LOMOND CALIFORNIA, CA US",37.1317,-122.17,801.6,2016-03,10.2,13.8,6.6,,
450,USR0000CBNL,"BEN LOMOND CALIFORNIA, CA US",37.1317,-122.17,801.6,2016-11,12.1,15.6,8.6,,
451,USR0000CBNL,"BEN LOMOND CALIFORNIA, CA US",37.1317,-122.17,801.6,2016-12,8.6,11.8,5.3,,
452,USR0000CBNL,"BEN LOMOND CALIFORNIA, CA US",37.1317,-122.17,801.6,2017-01,7.2,10.1,4.3,,
453,USR0000CBNL,"BEN LOMOND CALIFORNIA, CA US",37.1317,-122.17,801.6,2017-02,7.8,10.5,5.1,,
454,USR0000CBNL,"BEN LOMOND CALIFORNIA, CA US",37.1317,-122.17,801.6,2017-03,11.6,15.7,7.6,,
455,USR0000CBNL,"BEN LOMOND CALIFORNIA, CA US",37.1317,-122.17,801.6,2017-11,11.7,15.1,8.2,,
456,USR0000CBNL,"BEN LOMOND CALIFORNIA, CA US",37.1317,-122.17,801.6,2017-12,13.1,16.8,9.3,,
457,USR0000CBNL,"BEN LOMOND CALIFORNIA, CA US",37.1317,-122.17,801.6,2018-01,10.9,14.2,7.6,,
458,USR0000CBNL,"BEN LOMOND CALIFORNIA, CA US",37.1317,-122.17,801.6,2018-02,10.2,14.4,5.9,,
459,USR0000CBNL,"BEN LOMOND CALIFORNIA, CA US",37.1317,-122.17,801.6,2018-03,9,12.6,5.3,,
460,USR0000CBNL,"BEN LOMOND CALIFORNIA, CA US",37.1317,-122.17,801.6,2018-11,14.6,18.2,11,,
461,USR0000CBNL,"BEN LOMOND CALIFORNIA, CA US",37.1317,-122.17,801.6,2018-12,8.6,12.2,5.1,,
462,USR0000CBNL,"BEN LOMOND CALIFORNIA, CA US",37.1317,-122.17,801.6,2019-01,9.5,12.6,6.4,,
463,USR0000CBNL,"BEN LOMOND CALIFORNIA, CA US",37.1317,-122.17,801.6,2019-02,4.4,7.3,1.6,,
464,USR0000CBNL,"BEN LOMOND CALIFORNIA, CA US",37.1317,-122.17,801.6,2019-03,8.2,11.7,4.8,,
465,USR0000CBNL,"BEN LOMOND CALIFORNIA, CA US",37.1317,-122.17,801.6,2019-11,14.2,18.4,10.1,,
466,USR0000CBNL,"BEN LOMOND CALIFORNIA, CA US",37.1317,-122.17,801.6,2019-12,8,10.2,5.8,,
467,USR0000CBNL,"BEN LOMOND CALIFORNIA, CA US",37.1317,-122.17,801.6,2020-01,8.7,12.1,5.3,,
468,USR0000CBNL,"BEN LOMOND CALIFORNIA, CA US",37.1317,-122.17,801.6,2020-02,11.8,16.1,7.5,,
469,USR0000CBNL,"BEN LOMOND CALIFORNIA, CA US",37.1317,-122.17,801.6,2020-03,7.7,10.9,4.4,,
486,USW00023277,"WATSONVILLE MUNICIPAL AIRPORT, CA US",36.9358,-121.7886,48.8,2011-11,12,17.9,6,,
487,USW00023277,"WATSONVILLE MUNICIPAL AIRPORT, CA US",36.9358,-121.7886,48.8,2011-12,9.6,16.8,2.4,,
488,USW00023277,"WATSONVILLE MUNICIPAL AIRPORT, CA US",36.9358,-121.7886,48.8,2012-01,11.6,18.6,4.5,,
489,USW00023277,"WATSONVILLE MUNICIPAL AIRPORT, CA US",36.9358,-121.7886,48.8,2012-02,12.2,18.6,5.8,,
490,USW00023277,"WATSONVILLE MUNICIPAL AIRPORT, CA US",36.9358,-121.7886,48.8,2012-03,12.5,17.8,7.1,,
491,USW00023277,"WATSONVILLE MUNICIPAL AIRPORT, CA US",36.9358,-121.7886,48.8,2012-11,13.7,19.8,7.7,,
492,USW00023277,"WATSONVILLE MUNICIPAL AIRPORT, CA US",36.9358,-121.7886,48.8,2012-12,9.5,14.1,4.9,,
493,USW00023277,"WATSONVILLE MUNICIPAL AIRPORT, CA US",36.9358,-121.7886,48.8,2013-01,9.3,16,2.5,,
494,USW00023277,"WATSONVILLE MUNICIPAL AIRPORT, CA US",36.9358,-121.7886,48.8,2013-02,9.4,15.9,2.9,,
495,USW00023277,"WATSONVILLE MUNICIPAL AIRPORT, CA US",36.9358,-121.7886,48.8,2013-03,12.1,18.1,6.2,,
496,USW00023277,"WATSONVILLE MUNICIPAL AIRPORT, CA US",36.9358,-121.7886,48.8,2013-11,13,20,6,,
497,USW00023277,"WATSONVILLE MUNICIPAL AIRPORT, CA US",36.9358,-121.7886,48.8,2013-12,9.7,18.2,1.3,,
498,USW00023277,"WATSONVILLE MUNICIPAL AIRPORT, CA US",36.9358,-121.7886,48.8,2014-01,13,21.4,4.6,,
499,USW00023277,"WATSONVILLE MUNICIPAL AIRPORT, CA US",36.9358,-121.7886,48.8,2014-02,11.9,16.9,6.9,,
500,USW00023277,"WATSONVILLE MUNICIPAL AIRPORT, CA US",36.9358,-121.7886,48.8,2014-03,13.8,19.6,8.1,,
501,USW00023277,"WATSONVILLE MUNICIPAL AIRPORT, CA US",36.9358,-121.7886,48.8,2014-11,15.1,20.9,9.4,,
502,USW00023277,"WATSONVILLE MUNICIPAL AIRPORT, CA US",36.9358,-121.7886,48.8,2014-12,13.2,17.4,9,,
503,USW00023277,"WATSONVILLE MUNICIPAL AIRPORT, CA US",36.9358,-121.7886,48.8,2015-01,13.1,20.3,5.9,,
504,USW00023277,"WATSONVILLE MUNICIPAL AIRPORT, CA US",36.9358,-121.7886,48.8,2015-02,14.6,20.7,8.6,,
505,USW00023277,"WATSONVILLE MUNICIPAL AIRPORT, CA US",36.9358,-121.7886,48.8,2015-03,15.6,22.7,8.5,,
506,USW00023277,"WATSONVILLE MUNICIPAL AIRPORT, CA US",36.9358,-121.7886,48.8,2015-11,11.9,18.6,5.2,,
507,USW00023277,"WATSONVILLE MUNICIPAL AIRPORT, CA US",36.9358,-121.7886,48.8,2015-12,9.3,15,3.6,,
508,USW00023277,"WATSONVILLE MUNICIPAL AIRPORT, CA US",36.9358,-121.7886,48.8,2016-01,11.4,15.4,7.4,,
509,USW00023277,"WATSONVILLE MUNICIPAL AIRPORT, CA US",36.9358,-121.7886,48.8,2016-02,13.6,20.8,6.5,,
510,USW00023277,"WATSONVILLE MUNICIPAL AIRPORT, CA US",36.9358,-121.7886,48.8,2016-03,13,17.9,8.1,,
511,USW00023277,"WATSONVILLE MUNICIPAL AIRPORT, CA US",36.9358,-121.7886,48.8,2016-11,13.6,19.5,7.8,,
512,USW00023277,"WATSONVILLE MUNICIPAL AIRPORT, CA US",36.9358,-121.7886,48.8,2016-12,9.8,15.2,4.4,,
513,USW00023277,"WATSONVILLE MUNICIPAL AIRPORT, CA US",36.9358,-121.7886,48.8,2017-01,9.4,14.3,4.6,,
514,USW00023277,"WATSONVILLE MUNICIPAL AIRPORT, CA US",36.9358,-121.7886,48.8,2017-02,11.5,16,7.1,,
515,USW00023277,"WATSONVILLE MUNICIPAL AIRPORT, CA US",36.9358,-121.7886,48.8,2017-03,13.3,19.3,7.3,,
516,USW00023277,"WATSONVILLE MUNICIPAL AIRPORT, CA US",36.9358,-121.7886,48.8,2017-11,14.2,20.2,8.2,,
517,USW00023277,"WATSONVILLE MUNICIPAL AIRPORT, CA US",36.9358,-121.7886,48.8,2017-12,11.3,19.4,3.2,,
518,USW00023277,"WATSONVILLE MUNICIPAL AIRPORT, CA US",36.9358,-121.7886,48.8,2018-01,11.9,17.4,6.4,,
519,USW00023277,"WATSONVILLE MUNICIPAL AIRPORT, CA US",36.9358,-121.7886,48.8,2018-02,11,18.8,3.2,,
520,USW00023277,"WATSONVILLE MUNICIPAL AIRPORT, CA US",36.9358,-121.7886,48.8,2018-03,11.6,17.4,5.8,,
521,USW00023277,"WATSONVILLE MUNICIPAL AIRPORT, CA US",36.9358,-121.7886,48.8,2018-11,14,21.4,6.5,,
522,USW00023277,"WATSONVILLE MUNICIPAL AIRPORT, CA US",36.9358,-121.7886,48.8,2018-12,10.7,16.4,5.1,,
523,USW00023277,"WATSONVILLE MUNICIPAL AIRPORT, CA US",36.9358,-121.7886,48.8,2019-01,11.5,16.7,6.3,,
524,USW00023277,"WATSONVILLE MUNICIPAL AIRPORT, CA US",36.9358,-121.7886,48.8,2019-02,9.1,13.9,4.4,,
525,USW00023277,"WATSONVILLE MUNICIPAL AIRPORT, CA US",36.9358,-121.7886,48.8,2019-03,11.9,17.3,6.5,,
526,USW00023277,"WATSONVILLE MUNICIPAL AIRPORT, CA US",36.9358,-121.7886,48.8,2019-11,13.5,20.5,6.4,,
527,USW00023277,"WATSONVILLE MUNICIPAL AIRPORT, CA US",36.9358,-121.7886,48.8,2019-12,11.6,15.8,7.4,,
528,USW00023277,"WATSONVILLE MUNICIPAL AIRPORT, CA US",36.9358,-121.7886,48.8,2020-01,11.1,16.6,5.6,,
529,USW00023277,"WATSONVILLE MUNICIPAL AIRPORT, CA US",36.9358,-121.7886,48.8,2020-02,11.8,18.9,4.7,,
530,USW00023277,"WATSONVILLE MUNICIPAL AIRPORT, CA US",36.9358,-121.7886,48.8,2020-03,11.9,16.8,6.9,,
597,USC00047916,"SANTA CRUZ, CA US",36.98785,-121.99952,21.3,2011-11,11.3,17.3,5.3,,
598,USC00047916,"SANTA CRUZ, CA US",36.98785,-121.99952,21.3,2011-12,9.3,16.3,2.3,,
599,USC00047916,"SANTA CRUZ, CA US",36.98785,-121.99952,21.3,2012-01,10.5,17.4,3.6,,
600,USC00047916,"SANTA CRUZ, CA US",36.98785,-121.99952,21.3,2012-02,11.6,18.4,4.7,,
601,USC00047916,"SANTA CRUZ, CA US",36.98785,-121.99952,21.3,2012-03,12.1,18.6,5.6,,
602,USC00047916,"SANTA CRUZ, CA US",36.98785,-121.99952,21.3,2012-11,13.6,19.4,7.8,,
603,USC00047916,"SANTA CRUZ, CA US",36.98785,-121.99952,21.3,2012-12,9.8,14.1,5.4,,
604,USC00047916,"SANTA CRUZ, CA US",36.98785,-121.99952,21.3,2013-01,9.5,16.6,2.5,,
605,USC00047916,"SANTA CRUZ, CA US",36.98785,-121.99952,21.3,2013-02,10.4,18.2,2.7,,
606,USC00047916,"SANTA CRUZ, CA US",36.98785,-121.99952,21.3,2013-03,14,20.9,7.1,,
607,USC00047916,"SANTA CRUZ, CA US",36.98785,-121.99952,21.3,2013-11,13.4,20.3,6.4,,
608,USC00047916,"SANTA CRUZ, CA US",36.98785,-121.99952,21.3,2013-12,9.9,17.8,2,,
609,USC00047916,"SANTA CRUZ, CA US",36.98785,-121.99952,21.3,2014-01,13.1,20.9,5.3,,
610,USC00047916,"SANTA CRUZ, CA US",36.98785,-121.99952,21.3,2014-02,12.5,17.6,7.4,,
611,USC00047916,"SANTA CRUZ, CA US",36.98785,-121.99952,21.3,2014-03,15,21.6,8.3,,
612,USC00047916,"SANTA CRUZ, CA US",36.98785,-121.99952,21.3,2014-11,13.8,19.3,8.3,,
613,USC00047916,"SANTA CRUZ, CA US",36.98785,-121.99952,21.3,2014-12,12.1,15.4,8.8,,
614,USC00047916,"SANTA CRUZ, CA US",36.98785,-121.99952,21.3,2015-01,13,20.8,5.3,,
615,USC00047916,"SANTA CRUZ, CA US",36.98785,-121.99952,21.3,2015-02,14.5,21,8,,
616,USC00047916,"SANTA CRUZ, CA US",36.98785,-121.99952,21.3,2015-03,16,24.4,7.6,,
617,USC00047916,"SANTA CRUZ, CA US",36.98785,-121.99952,21.3,2015-11,11.9,18.6,5.3,,
618,USC00047916,"SANTA CRUZ, CA US",36.98785,-121.99952,21.3,2015-12,9.8,15.4,4.2,,
619,USC00047916,"SANTA CRUZ, CA US",36.98785,-121.99952,21.3,2016-01,11.8,15.7,7.9,,
620,USC00047916,"SANTA CRUZ, CA US",36.98785,-121.99952,21.3,2016-02,14.4,22.1,6.7,,
621,USC00047916,"SANTA CRUZ, CA US",36.98785,-121.99952,21.3,2016-03,13.8,19.4,8.3,,
622,USC00047916,"SANTA CRUZ, CA US",36.98785,-121.99952,21.3,2016-11,14.4,19.3,9.6,,
623,USC00047916,"SANTA CRUZ, CA US",36.98785,-121.99952,21.3,2016-12,10.3,15.7,4.9,,
624,USC00047916,"SANTA CRUZ, CA US",36.98785,-121.99952,21.3,2017-01,10,14.7,5.3,,
625,USC00047916,"SANTA CRUZ, CA US",36.98785,-121.99952,21.3,2017-02,12.2,16.3,8.2,,
626,USC00047916,"SANTA CRUZ, CA US",36.98785,-121.99952,21.3,2017-11,14.9,20.6,9.1,,
627,USC00047916,"SANTA CRUZ, CA US",36.98785,-121.99952,21.3,2017-12,11.5,19.5,3.5,,
628,USC00047916,"SANTA CRUZ, CA US",36.98785,-121.99952,21.3,2018-01,12.7,18.3,7.1,,
629,USC00047916,"SANTA CRUZ, CA US",36.98785,-121.99952,21.3,2018-02,12.1,19.8,4.4,,
630,USC00047916,"SANTA CRUZ, CA US",36.98785,-121.99952,21.3,2018-03,12.5,18.7,6.2,,
631,USC00047916,"SANTA CRUZ, CA US",36.98785,-121.99952,21.3,2018-11,14.5,21.4,7.5,,
632,USC00047916,"SANTA CRUZ, CA US",36.98785,-121.99952,21.3,2018-12,11.7,17.1,6.3,,
633,USC00047916,"SANTA CRUZ, CA US",36.98785,-121.99952,21.3,2019-01,12.5,17.5,7.5,,
634,USC00047916,"SANTA CRUZ, CA US",36.98785,-121.99952,21.3,2019-02,10.1,14.9,5.4,,
635,USC00047916,"SANTA CRUZ, CA US",36.98785,-121.99952,21.3,2019-03,12.7,18.4,6.9,,
636,USC00047916,"SANTA CRUZ, CA US",36.98785,-121.99952,21.3,2019-11,13.3,20,6.5,,
637,USC00047916,"SANTA CRUZ, CA US",36.98785,-121.99952,21.3,2019-12,12.6,16.9,8.4,,
639,USC00047916,"SANTA CRUZ, CA US",36.98785,-121.99952,21.3,2020-02,12.5,19.5,5.4,,
15,USC00049473,"WATSONVILLE WATERWORKS, CA US",36.9308,-121.7691,29,2000-12,11.4,,,1.1,22.2
16,USC00049473,"WATSONVILLE WATERWORKS, CA US",36.9308,-121.7691,29,2001-01,8.9,,,-1.7,25
17,USC00049473,"WATSONVILLE WATERWORKS, CA US",36.9308,-121.7691,29,2001-02,10.3,,,0,26.1
18,USC00049473,"WATSONVILLE WATERWORKS, CA US",36.9308,-121.7691,29,2001-03,12.7,,,2.2,25.6
19,USC00049473,"WATSONVILLE WATERWORKS, CA US",36.9308,-121.7691,29,2001-11,13.3,,,1.7,28.3
20,USC00049473,"WATSONVILLE WATERWORKS, CA US",36.9308,-121.7691,29,2002-01,8.6,,,-2.2,21.7
21,USC00049473,"WATSONVILLE WATERWORKS, CA US",36.9308,-121.7691,29,2002-02,11.4,,,-1.7,26.7
22,USC00049473,"WATSONVILLE WATERWORKS, CA US",36.9308,-121.7691,29,2002-03,11.2,,,0.6,22.8
23,USC00049473,"WATSONVILLE WATERWORKS, CA US",36.9308,-121.7691,29,2002-11,14.1,,,2.8,27.8
24,USC00049473,"WATSONVILLE WATERWORKS, CA US",36.9308,-121.7691,29,2002-12,10.7,,,0.6,21.1
25,USC00049473,"WATSONVILLE WATERWORKS, CA US",36.9308,-121.7691,29,2003-01,13,,,3.3,22.8
26,USC00049473,"WATSONVILLE WATERWORKS, CA US",36.9308,-121.7691,29,2003-02,11,,,0,23.9
27,USC00049473,"WATSONVILLE WATERWORKS, CA US",36.9308,-121.7691,29,2003-03,12.3,,,2.2,27.8
28,USC00049473,"WATSONVILLE WATERWORKS, CA US",36.9308,-121.7691,29,2003-11,11.2,,,0,23.3
29,USC00049473,"WATSONVILLE WATERWORKS, CA US",36.9308,-121.7691,29,2003-12,10.6,,,0,22.2
30,USC00049473,"WATSONVILLE WATERWORKS, CA US",36.9308,-121.7691,29,2004-01,9.6,,,-1.1,20.6
31,USC00049473,"WATSONVILLE WATERWORKS, CA US",36.9308,-121.7691,29,2004-02,10.4,,,1.1,20
32,USC00049473,"WATSONVILLE WATERWORKS, CA US",36.9308,-121.7691,29,2004-03,14.9,,,3.9,30.6
33,USC00049473,"WATSONVILLE WATERWORKS, CA US",36.9308,-121.7691,29,2004-11,12,,,-1.1,23.3
34,USC00049473,"WATSONVILLE WATERWORKS, CA US",36.9308,-121.7691,29,2004-12,10.6,,,-1.1,21.1
35,USC00049473,"WATSONVILLE WATERWORKS, CA US",36.9308,-121.7691,29,2005-01,10.4,,,0.6,22.8
36,USC00049473,"WATSONVILLE WATERWORKS, CA US",36.9308,-121.7691,29,2005-02,12.5,,,3.3,21.7
37,USC00049473,"WATSONVILLE WATERWORKS, CA US",36.9308,-121.7691,29,2005-03,13.6,,,4.4,30.6
38,USC00049473,"WATSONVILLE WATERWORKS, CA US",36.9308,-121.7691,29,2005-11,14.2,,,0.6,30
39,USC00049473,"WATSONVILLE WATERWORKS, CA US",36.9308,-121.7691,29,2005-12,11.5,,,1.1,22.8
40,USC00049473,"WATSONVILLE WATERWORKS, CA US",36.9308,-121.7691,29,2006-01,10.3,,,1.1,22.8
41,USC00049473,"WATSONVILLE WATERWORKS, CA US",36.9308,-121.7691,29,2006-02,11.6,,,0,26.7
42,USC00049473,"WATSONVILLE WATERWORKS, CA US",36.9308,-121.7691,29,2006-03,9.8,,,0.6,19.4
43,USC00049473,"WATSONVILLE WATERWORKS, CA US",36.9308,-121.7691,29,2006-11,12.8,,,0.6,26.7
44,USC00049473,"WATSONVILLE WATERWORKS, CA US",36.9308,-121.7691,29,2006-12,10.2,,,-1.1,23.9
45,USC00049473,"WATSONVILLE WATERWORKS, CA US",36.9308,-121.7691,29,2007-01,8.4,,,-4.4,22.2
46,USC00049473,"WATSONVILLE WATERWORKS, CA US",36.9308,-121.7691,29,2007-02,10.8,,,1.1,26.1
47,USC00049473,"WATSONVILLE WATERWORKS, CA US",36.9308,-121.7691,29,2007-03,13,,,0.6,29.4
48,USC00049473,"WATSONVILLE WATERWORKS, CA US",36.9308,-121.7691,29,2007-11,13.1,,,0.6,31.1
49,USC00049473,"WATSONVILLE WATERWORKS, CA US",36.9308,-121.7691,29,2007-12,8.9,,,-0.6,21.7
50,USC00049473,"WATSONVILLE WATERWORKS, CA US",36.9308,-121.7691,29,2008-01,9.1,,,0.6,20
51,USC00049473,"WATSONVILLE WATERWORKS, CA US",36.9308,-121.7691,29,2008-02,10.6,,,0.6,25
52,USC00049473,"WATSONVILLE WATERWORKS, CA US",36.9308,-121.7691,29,2008-03,11.8,,,1.1,22.8
53,USC00049473,"WATSONVILLE WATERWORKS, CA US",36.9308,-121.7691,29,2008-11,14.4,,,4.4,32.2
54,USC00049473,"WATSONVILLE WATERWORKS, CA US",36.9308,-121.7691,29,2008-12,9.4,,,-1.7,23.3
55,USC00049473,"WATSONVILLE WATERWORKS, CA US",36.9308,-121.7691,29,2009-01,11.3,,,-1.7,26.1
56,USC00049473,"WATSONVILLE WATERWORKS, CA US",36.9308,-121.7691,29,2009-02,11,,,0,25.6
57,USC00049473,"WATSONVILLE WATERWORKS, CA US",36.9308,-121.7691,29,2009-03,11.7,,,0.6,24.4
58,USC00049473,"WATSONVILLE WATERWORKS, CA US",36.9308,-121.7691,29,2009-11,12.9,,,2.2,30
59,USC00049473,"WATSONVILLE WATERWORKS, CA US",36.9308,-121.7691,29,2009-12,9.7,,,-1.7,22.8
60,USC00049473,"WATSONVILLE WATERWORKS, CA US",36.9308,-121.7691,29,2010-01,11.3,,,3.9,20.6
61,USC00049473,"WATSONVILLE WATERWORKS, CA US",36.9308,-121.7691,29,2010-02,11.8,,,2.8,24.4
62,USC00049473,"WATSONVILLE WATERWORKS, CA US",36.9308,-121.7691,29,2010-03,12,,,1.7,26.7
77,USR0000CBNL,"BEN LOMOND CALIFORNIA, CA US",37.1317,-122.17,801.6,2000-11,9,,,0,18.3
78,USR0000CBNL,"BEN LOMOND CALIFORNIA, CA US",37.1317,-122.17,801.6,2000-12,11,,,2.8,20.6
79,USR0000CBNL,"BEN LOMOND CALIFORNIA, CA US",37.1317,-122.17,801.6,2001-01,7.6,,,0,21.7
80,USR0000CBNL,"BEN LOMOND CALIFORNIA, CA US",37.1317,-122.17,801.6,2001-02,6.3,,,-1.1,22.2
81,USR0000CBNL,"BEN LOMOND CALIFORNIA, CA US",37.1317,-122.17,801.6,2001-03,11.1,,,1.1,23.3
82,USR0000CBNL,"BEN LOMOND CALIFORNIA, CA US",37.1317,-122.17,801.6,2001-11,11.2,,,1.1,24.4
83,USR0000CBNL,"BEN LOMOND CALIFORNIA, CA US",37.1317,-122.17,801.6,2002-11,13.1,,,6.1,25
84,USR0000CBNL,"BEN LOMOND CALIFORNIA, CA US",37.1317,-122.17,801.6,2002-12,7.7,,,0.6,16.7
85,USR0000CBNL,"BEN LOMOND CALIFORNIA, CA US",37.1317,-122.17,801.6,2003-01,12.5,,,2.8,22.8
86,USR0000CBNL,"BEN LOMOND CALIFORNIA, CA US",37.1317,-122.17,801.6,2003-02,8,,,1.1,16.7
87,USR0000CBNL,"BEN LOMOND CALIFORNIA, CA US",37.1317,-122.17,801.6,2003-03,9.9,,,0.6,21.7
88,USR0000CBNL,"BEN LOMOND CALIFORNIA, CA US",37.1317,-122.17,801.6,2003-11,8.3,,,0.6,18.9
89,USR0000CBNL,"BEN LOMOND CALIFORNIA, CA US",37.1317,-122.17,801.6,2003-12,7.5,,,-0.6,17.8
90,USR0000CBNL,"BEN LOMOND CALIFORNIA, CA US",37.1317,-122.17,801.6,2004-01,7.6,,,-1.1,17.2
91,USR0000CBNL,"BEN LOMOND CALIFORNIA, CA US",37.1317,-122.17,801.6,2004-02,6.7,,,1.1,15
92,USR0000CBNL,"BEN LOMOND CALIFORNIA, CA US",37.1317,-122.17,801.6,2004-03,14.2,,,2.2,26.1
93,USR0000CBNL,"BEN LOMOND CALIFORNIA, CA US",37.1317,-122.17,801.6,2004-11,9.4,,,-2.2,18.9
94,USR0000CBNL,"BEN LOMOND CALIFORNIA, CA US",37.1317,-122.17,801.6,2004-12,9.3,,,1.1,22.2
95,USR0000CBNL,"BEN LOMOND CALIFORNIA, CA US",37.1317,-122.17,801.6,2005-01,8.9,,,0,22.8
96,USR0000CBNL,"BEN LOMOND CALIFORNIA, CA US",37.1317,-122.17,801.6,2005-02,8.5,,,0,19.4
97,USR0000CBNL,"BEN LOMOND CALIFORNIA, CA US",37.1317,-122.17,801.6,2005-03,10.6,,,0.6,27.2
98,USR0000CBNL,"BEN LOMOND CALIFORNIA, CA US",37.1317,-122.17,801.6,2005-11,12.8,,,1.1,25.6
99,USR0000CBNL,"BEN LOMOND CALIFORNIA, CA US",37.1317,-122.17,801.6,2005-12,9.3,,,1.1,19.4
100,USR0000CBNL,"BEN LOMOND CALIFORNIA, CA US",37.1317,-122.17,801.6,2006-01,8,,,0.6,18.9
101,USR0000CBNL,"BEN LOMOND CALIFORNIA, CA US",37.1317,-122.17,801.6,2006-02,10.1,,,-2.2,23.9
102,USR0000CBNL,"BEN LOMOND CALIFORNIA, CA US",37.1317,-122.17,801.6,2006-03,4.8,,,-2.8,13.9
103,USR0000CBNL,"BEN LOMOND CALIFORNIA, CA US",37.1317,-122.17,801.6,2006-11,10.7,,,1.1,22.2
104,USR0000CBNL,"BEN LOMOND CALIFORNIA, CA US",37.1317,-122.17,801.6,2006-12,9.3,,,0.6,21.7
105,USR0000CBNL,"BEN LOMOND CALIFORNIA, CA US",37.1317,-122.17,801.6,2007-01,7.6,,,-3.3,22.2
106,USR0000CBNL,"BEN LOMOND CALIFORNIA, CA US",37.1317,-122.17,801.6,2007-02,7.5,,,-0.6,21.1
107,USR0000CBNL,"BEN LOMOND CALIFORNIA, CA US",37.1317,-122.17,801.6,2007-03,12.8,,,0,26.1
108,USR0000CBNL,"BEN LOMOND CALIFORNIA, CA US",37.1317,-122.17,801.6,2007-11,13.6,,,1.1,25.6
109,USR0000CBNL,"BEN LOMOND CALIFORNIA, CA US",37.1317,-122.17,801.6,2007-12,6.2,,,-0.6,16.7
110,USR0000CBNL,"BEN LOMOND CALIFORNIA, CA US",37.1317,-122.17,801.6,2008-01,6.3,,,-1.1,19.4
111,USR0000CBNL,"BEN LOMOND CALIFORNIA, CA US",37.1317,-122.17,801.6,2008-02,8.7,,,0.6,20.6
112,USR0000CBNL,"BEN LOMOND CALIFORNIA, CA US",37.1317,-122.17,801.6,2008-03,9.9,,,-0.6,20
113,USR0000CBNL,"BEN LOMOND CALIFORNIA, CA US",37.1317,-122.17,801.6,2008-11,13.1,,,3.9,26.1
114,USR0000CBNL,"BEN LOMOND CALIFORNIA, CA US",37.1317,-122.17,801.6,2008-12,7.8,,,-1.7,21.7
115,USR0000CBNL,"BEN LOMOND CALIFORNIA, CA US",37.1317,-122.17,801.6,2009-01,11.8,,,0.6,25
116,USR0000CBNL,"BEN LOMOND CALIFORNIA, CA US",37.1317,-122.17,801.6,2009-02,7.2,,,-0.6,20
117,USR0000CBNL,"BEN LOMOND CALIFORNIA, CA US",37.1317,-122.17,801.6,2009-03,8.8,,,0,21.7
118,USR0000CBNL,"BEN LOMOND CALIFORNIA, CA US",37.1317,-122.17,801.6,2009-11,11.5,,,2.2,26.7
119,USR0000CBNL,"BEN LOMOND CALIFORNIA, CA US",37.1317,-122.17,801.6,2009-12,7.5,,,-3.3,18.3
120,USR0000CBNL,"BEN LOMOND CALIFORNIA, CA US",37.1317,-122.17,801.6,2010-01,9.3,,,0.6,18.9
121,USR0000CBNL,"BEN LOMOND CALIFORNIA, CA US",37.1317,-122.17,801.6,2010-02,8.4,,,2.2,19.4
122,USR0000CBNL,"BEN LOMOND CALIFORNIA, CA US",37.1317,-122.17,801.6,2010-03,9.1,,,-0.6,21.7
140,USW00023277,"WATSONVILLE MUNICIPAL AIRPORT, CA US",36.9358,-121.7886,48.8,2000-11,10.2,,,0.6,21.1
141,USW00023277,"WATSONVILLE MUNICIPAL AIRPORT, CA US",36.9358,-121.7886,48.8,2000-12,11.2,,,0.6,21.7
142,USW00023277,"WATSONVILLE MUNICIPAL AIRPORT, CA US",36.9358,-121.7886,48.8,2001-01,9.1,,,-1.7,23.9
143,USW00023277,"WATSONVILLE MUNICIPAL AIRPORT, CA US",36.9358,-121.7886,48.8,2001-02,9.9,,,-0.6,25.6
144,USW00023277,"WATSONVILLE MUNICIPAL AIRPORT, CA US",36.9358,-121.7886,48.8,2001-03,12.6,,,2.8,25
145,USW00023277,"WATSONVILLE MUNICIPAL AIRPORT, CA US",36.9358,-121.7886,48.8,2001-11,13.3,,,1.7,28.3
146,USW00023277,"WATSONVILLE MUNICIPAL AIRPORT, CA US",36.9358,-121.7886,48.8,2001-12,10,,,0.6,19.4
147,USW00023277,"WATSONVILLE MUNICIPAL AIRPORT, CA US",36.9358,-121.7886,48.8,2002-01,8.2,,,-2.2,21.1
148,USW00023277,"WATSONVILLE MUNICIPAL AIRPORT, CA US",36.9358,-121.7886,48.8,2002-02,11.5,,,-0.6,26.1
149,USW00023277,"WATSONVILLE MUNICIPAL AIRPORT, CA US",36.9358,-121.7886,48.8,2002-03,10.7,,,-0.6,22.2
150,USW00023277,"WATSONVILLE MUNICIPAL AIRPORT, CA US",36.9358,-121.7886,48.8,2002-11,14.1,,,2.8,27.8
151,USW00023277,"WATSONVILLE MUNICIPAL AIRPORT, CA US",36.9358,-121.7886,48.8,2002-12,10.7,,,0.6,20.6
152,USW00023277,"WATSONVILLE MUNICIPAL AIRPORT, CA US",36.9358,-121.7886,48.8,2003-01,12.9,,,3.3,22.8
153,USW00023277,"WATSONVILLE MUNICIPAL AIRPORT, CA US",36.9358,-121.7886,48.8,2003-02,10.5,,,-1.7,20
154,USW00023277,"WATSONVILLE MUNICIPAL AIRPORT, CA US",36.9358,-121.7886,48.8,2003-03,12.1,,,2.8,27.2
155,USW00023277,"WATSONVILLE MUNICIPAL AIRPORT, CA US",36.9358,-121.7886,48.8,2003-11,11.8,,,0,23.9
156,USW00023277,"WATSONVILLE MUNICIPAL AIRPORT, CA US",36.9358,-121.7886,48.8,2003-12,10.9,,,-0.6,21.7
157,USW00023277,"WATSONVILLE MUNICIPAL AIRPORT, CA US",36.9358,-121.7886,48.8,2004-01,9.9,,,-0.6,20.6
158,USW00023277,"WATSONVILLE MUNICIPAL AIRPORT, CA US",36.9358,-121.7886,48.8,2004-02,10.9,,,1.7,20
159,USW00023277,"WATSONVILLE MUNICIPAL AIRPORT, CA US",36.9358,-121.7886,48.8,2004-03,15,,,4.4,30
160,USW00023277,"WATSONVILLE MUNICIPAL AIRPORT, CA US",36.9358,-121.7886,48.8,2004-11,11.5,,,-1.7,22.8
161,USW00023277,"WATSONVILLE MUNICIPAL AIRPORT, CA US",36.9358,-121.7886,48.8,2004-12,10.3,,,-2.2,21.1
162,USW00023277,"WATSONVILLE MUNICIPAL AIRPORT, CA US",36.9358,-121.7886,48.8,2005-01,10,,,0.6,22.2
163,USW00023277,"WATSONVILLE MUNICIPAL AIRPORT, CA US",36.9358,-121.7886,48.8,2005-02,12.1,,,2.2,20.6
164,USW00023277,"WATSONVILLE MUNICIPAL AIRPORT, CA US",36.9358,-121.7886,48.8,2005-03,12.9,,,3.3,28.9
165,USW00023277,"WATSONVILLE MUNICIPAL AIRPORT, CA US",36.9358,-121.7886,48.8,2005-11,14.1,,,1.1,30.6
166,USW00023277,"WATSONVILLE MUNICIPAL AIRPORT, CA US",36.9358,-121.7886,48.8,2005-12,11.6,,,0,22.8
167,USW00023277,"WATSONVILLE MUNICIPAL AIRPORT, CA US",36.9358,-121.7886,48.8,2006-01,10.3,,,0.6,22.8
168,USW00023277,"WATSONVILLE MUNICIPAL AIRPORT, CA US",36.9358,-121.7886,48.8,2006-02,11.4,,,0,26.7
169,USW00023277,"WATSONVILLE MUNICIPAL AIRPORT, CA US",36.9358,-121.7886,48.8,2006-03,9.4,,,1.1,18.9
170,USW00023277,"WATSONVILLE MUNICIPAL AIRPORT, CA US",36.9358,-121.7886,48.8,2006-11,12.7,,,0,25.6
171,USW00023277,"WATSONVILLE MUNICIPAL AIRPORT, CA US",36.9358,-121.7886,48.8,2006-12,9.9,,,-2.7,23.9
172,USW00023277,"WATSONVILLE MUNICIPAL AIRPORT, CA US",36.9358,-121.7886,48.8,2007-01,8.2,,,-5.5,22.2
173,USW00023277,"WATSONVILLE MUNICIPAL AIRPORT, CA US",36.9358,-121.7886,48.8,2007-02,10.4,,,1.1,25.6
174,USW00023277,"WATSONVILLE MUNICIPAL AIRPORT, CA US",36.9358,-121.7886,48.8,2007-03,12.4,,,1.1,28.9
175,USW00023277,"WATSONVILLE MUNICIPAL AIRPORT, CA US",36.9358,-121.7886,48.8,2007-11,12.9,,,0.6,30.6
176,USW00023277,"WATSONVILLE MUNICIPAL AIRPORT, CA US",36.9358,-121.7886,48.8,2007-12,8.7,,,-0.5,20.6
177,USW00023277,"WATSONVILLE MUNICIPAL AIRPORT, CA US",36.9358,-121.7886,48.8,2008-01,9.3,,,1.1,20
178,USW00023277,"WATSONVILLE MUNICIPAL AIRPORT, CA US",36.9358,-121.7886,48.8,2008-02,10.5,,,0.6,23.9
179,USW00023277,"WATSONVILLE MUNICIPAL AIRPORT, CA US",36.9358,-121.7886,48.8,2008-03,11.3,,,2.8,22.2
180,USW00023277,"WATSONVILLE MUNICIPAL AIRPORT, CA US",36.9358,-121.7886,48.8,2008-11,14.2,,,5,31.1
181,USW00023277,"WATSONVILLE MUNICIPAL AIRPORT, CA US",36.9358,-121.7886,48.8,2008-12,8.8,,,-1,22.8
182,USW00023277,"WATSONVILLE MUNICIPAL AIRPORT, CA US",36.9358,-121.7886,48.8,2009-01,11.2,,,-3.2,25.6
183,USW00023277,"WATSONVILLE MUNICIPAL AIRPORT, CA US",36.9358,-121.7886,48.8,2009-02,10.8,,,0.6,25
184,USW00023277,"WATSONVILLE MUNICIPAL AIRPORT, CA US",36.9358,-121.7886,48.8,2009-03,11,,,0,21.7
185,USW00023277,"WATSONVILLE MUNICIPAL AIRPORT, CA US",36.9358,-121.7886,48.8,2009-11,12.3,,,1.1,28.9
186,USW00023277,"WATSONVILLE MUNICIPAL AIRPORT, CA US",36.9358,-121.7886,48.8,2009-12,9.3,,,-1.6,18.9
187,USW00023277,"WATSONVILLE MUNICIPAL AIRPORT, CA US",36.9358,-121.7886,48.8,2010-01,10.9,,,3.9,19.4
188,USW00023277,"WATSONVILLE MUNICIPAL AIRPORT, CA US",36.9358,-121.7886,48.8,2010-02,11.4,,,2.2,22.2
189,USW00023277,"WATSONVILLE MUNICIPAL AIRPORT, CA US",36.9358,-121.7886,48.8,2010-03,11.4,,,1.1,25.6
200,USC00040673,"BEN LOMOND NUMBER 4, CA US",37.0855,-122.0797,128,2000-11,9.8,,,-3.3,23.9
201,USC00040673,"BEN LOMOND NUMBER 4, CA US",37.0855,-122.0797,128,2000-12,9.6,,,-2.8,20.6
202,USC00040673,"BEN LOMOND NUMBER 4, CA US",37.0855,-122.0797,128,2001-01,7.6,,,-5.6,22.2
203,USC00040673,"BEN LOMOND NUMBER 4, CA US",37.0855,-122.0797,128,2001-02,9.5,,,-3.3,28.3
204,USC00040673,"BEN LOMOND NUMBER 4, CA US",37.0855,-122.0797,128,2001-03,13.3,,,-1.7,31.7
205,USC00040673,"BEN LOMOND NUMBER 4, CA US",37.0855,-122.0797,128,2001-11,12.5,,,-1.1,30
206,USC00040673,"BEN LOMOND NUMBER 4, CA US",37.0855,-122.0797,128,2001-12,8.7,,,-3.3,19.4
207,USC00040673,"BEN LOMOND NUMBER 4, CA US",37.0855,-122.0797,128,2002-01,7.4,,,-5,20.6
208,USC00040673,"BEN LOMOND NUMBER 4, CA US",37.0855,-122.0797,128,2002-02,10.9,,,-3.3,28.3
209,USC00040673,"BEN LOMOND NUMBER 4, CA US",37.0855,-122.0797,128,2002-03,10.8,,,-2.2,25.6
210,USC00040673,"BEN LOMOND NUMBER 4, CA US",37.0855,-122.0797,128,2002-11,13.7,,,-1.1,30
211,USC00040673,"BEN LOMOND NUMBER 4, CA US",37.0855,-122.0797,128,2002-12,9.8,,,-1.1,22.8
212,USC00040673,"BEN LOMOND NUMBER 4, CA US",37.0855,-122.0797,128,2003-01,13.1,,,0.6,26.1
213,USC00040673,"BEN LOMOND NUMBER 4, CA US",37.0855,-122.0797,128,2003-02,10.9,,,-3.3,24.4
214,USC00040673,"BEN LOMOND NUMBER 4, CA US",37.0855,-122.0797,128,2003-03,13.4,,,-0.6,30.6
215,USC00040673,"BEN LOMOND NUMBER 4, CA US",37.0855,-122.0797,128,2003-11,10.6,,,-3.9,25
216,USC00040673,"BEN LOMOND NUMBER 4, CA US",37.0855,-122.0797,128,2003-12,9.8,,,-1.7,21.7
217,USC00040673,"BEN LOMOND NUMBER 4, CA US",37.0855,-122.0797,128,2004-01,9.6,,,-2.8,20.6
218,USC00040673,"BEN LOMOND NUMBER 4, CA US",37.0855,-122.0797,128,2004-02,9.7,,,-2.2,20.6
219,USC00040673,"BEN LOMOND NUMBER 4, CA US",37.0855,-122.0797,128,2004-03,15.4,,,1.1,33.3
220,USC00040673,"BEN LOMOND NUMBER 4, CA US",37.0855,-122.0797,128,2004-11,11.6,,,-3.3,25
221,USC00040673,"BEN LOMOND NUMBER 4, CA US",37.0855,-122.0797,128,2004-12,10.1,,,-3.9,23.3
222,USC00040673,"BEN LOMOND NUMBER 4, CA US",37.0855,-122.0797,128,2005-01,10.1,,,-2.2,26.1
223,USC00040673,"BEN LOMOND NUMBER 4, CA US",37.0855,-122.0797,128,2005-02,11.6,,,-0.6,25
224,USC00040673,"BEN LOMOND NUMBER 4, CA US",37.0855,-122.0797,128,2005-03,13.1,,,0,31.1
225,USC00040673,"BEN LOMOND NUMBER 4, CA US",37.0855,-122.0797,128,2005-11,13.4,,,-2.2,30.6
226,USC00040673,"BEN LOMOND NUMBER 4, CA US",37.0855,-122.0797,128,2005-12,10.6,,,-2.8,23.3
227,USC00040673,"BEN LOMOND NUMBER 4, CA US",37.0855,-122.0797,128,2006-01,9.7,,,-1.1,23.3
228,USC00040673,"BEN LOMOND NUMBER 4, CA US",37.0855,-122.0797,128,2006-02,11,,,-3.3,30
229,USC00040673,"BEN LOMOND NUMBER 4, CA US",37.0855,-122.0797,128,2006-03,9.2,,,-0.6,20
230,USC00040673,"BEN LOMOND NUMBER 4, CA US",37.0855,-122.0797,128,2006-11,12.6,,,-2.8,29.4
231,USC00040673,"BEN LOMOND NUMBER 4, CA US",37.0855,-122.0797,128,2006-12,9.2,,,-4.4,25
232,USC00040673,"BEN LOMOND NUMBER 4, CA US",37.0855,-122.0797,128,2007-01,8.3,,,-6.7,25.6
233,USC00040673,"BEN LOMOND NUMBER 4, CA US",37.0855,-122.0797,128,2007-02,10.6,,,-1.1,27.2
234,USC00040673,"BEN LOMOND NUMBER 4, CA US",37.0855,-122.0797,128,2007-03,13.5,,,-1.7,32.8
235,USC00040673,"BEN LOMOND NUMBER 4, CA US",37.0855,-122.0797,128,2007-11,13.1,,,-2.8,30.6
236,USC00040673,"BEN LOMOND NUMBER 4, CA US",37.0855,-122.0797,128,2007-12,7.9,,,-3.9,24.4
237,USC00040673,"BEN LOMOND NUMBER 4, CA US",37.0855,-122.0797,128,2008-01,8,,,-2.8,21.7
238,USC00040673,"BEN LOMOND NUMBER 4, CA US",37.0855,-122.0797,128,2008-02,10.4,,,-2.8,26.7
239,USC00040673,"BEN LOMOND NUMBER 4, CA US",37.0855,-122.0797,128,2008-03,12,,,-0.6,27.2
240,USC00040673,"BEN LOMOND NUMBER 4, CA US",37.0855,-122.0797,128,2008-11,14.1,,,0.6,31.7
241,USC00040673,"BEN LOMOND NUMBER 4, CA US",37.0855,-122.0797,128,2008-12,8.3,,,-2.8,25
242,USC00040673,"BEN LOMOND NUMBER 4, CA US",37.0855,-122.0797,128,2009-01,11.2,,,-3.9,27.8
243,USC00040673,"BEN LOMOND NUMBER 4, CA US",37.0855,-122.0797,128,2009-02,10,,,-1.7,27.2
244,USC00040673,"BEN LOMOND NUMBER 4, CA US",37.0855,-122.0797,128,2009-03,11.6,,,-2.8,27.8
245,USC00040673,"BEN LOMOND NUMBER 4, CA US",37.0855,-122.0797,128,2009-11,12,,,-1.7,32.8
246,USC00040673,"BEN LOMOND NUMBER 4, CA US",37.0855,-122.0797,128,2009-12,8.7,,,-4.4,22.8
247,USC00040673,"BEN LOMOND NUMBER 4, CA US",37.0855,-122.0797,128,2010-01,10.2,,,0,22.2
248,USC00040673,"BEN LOMOND NUMBER 4, CA US",37.0855,-122.0797,128,2010-02,11,,,1.7,25
249,USC00040673,"BEN LOMOND NUMBER 4, CA US",37.0855,-122.0797,128,2010-03,11.3,,,-1.1,28.9
250,USC00043004,"FELTON, CA US",37.05056,-122.075,121.9,2000-11,9.9,,,-2.8,23.9
251,USC00043004,"FELTON, CA US",37.05056,-122.075,121.9,2000-12,9.7,,,-3.3,21.7
252,USC00043004,"FELTON, CA US",37.05056,-122.075,121.9,2001-01,7.8,,,-5,22.8
253,USC00043004,"FELTON, CA US",37.05056,-122.075,121.9,2001-02,9.3,,,-1.7,27.8
254,USC00043004,"FELTON, CA US",37.05056,-122.075,121.9,2001-03,13.1,,,1.1,28.3
255,USC00043004,"FELTON, CA US",37.05056,-122.075,121.9,2001-11,12.8,,,-1.7,30
256,USC00043004,"FELTON, CA US",37.05056,-122.075,121.9,2001-12,9.3,,,-2.2,18.9
257,USC00043004,"FELTON, CA US",37.05056,-122.075,121.9,2002-01,7.7,,,-4.4,21.1
258,USC00043004,"FELTON, CA US",37.05056,-122.075,121.9,2002-02,10.8,,,-2.8,27.2
259,USC00043004,"FELTON, CA US",37.05056,-122.075,121.9,2002-03,10.5,,,-1.7,24.4
260,USC00043004,"FELTON, CA US",37.05056,-122.075,121.9,2002-11,12.6,,,-2.2,27.2
261,USC00043004,"FELTON, CA US",37.05056,-122.075,121.9,2002-12,9.7,,,-1.7,21.7
262,USC00043004,"FELTON, CA US",37.05056,-122.075,121.9,2003-01,12.4,,,-1.1,24.4
263,USC00043004,"FELTON, CA US",37.05056,-122.075,121.9,2003-02,10.1,,,-3.9,22.2
264,USC00043004,"FELTON, CA US",37.05056,-122.075,121.9,2003-03,12,,,-1.7,26.7
266,USC00043004,"FELTON, CA US",37.05056,-122.075,121.9,2003-12,9.1,,,-2.2,21.1
267,USC00043004,"FELTON, CA US",37.05056,-122.075,121.9,2004-01,9.3,,,-2.8,21.1
268,USC00043004,"FELTON, CA US",37.05056,-122.075,121.9,2004-02,9.8,,,-3.3,20.6
269,USC00043004,"FELTON, CA US",37.05056,-122.075,121.9,2004-03,14.4,,,0.6,32.2
270,USC00043004,"FELTON, CA US",37.05056,-122.075,121.9,2004-11,10.6,,,-5,23.3
271,USC00043004,"FELTON, CA US",37.05056,-122.075,121.9,2004-12,9.6,,,-5.6,22.8
272,USC00043004,"FELTON, CA US",37.05056,-122.075,121.9,2005-01,10.1,,,-2.8,25.6
273,USC00043004,"FELTON, CA US",37.05056,-122.075,121.9,2005-02,11.5,,,-2.2,23.9
274,USC00043004,"FELTON, CA US",37.05056,-122.075,121.9,2005-03,13.5,,,-1.1,31.1
275,USC00043004,"FELTON, CA US",37.05056,-122.075,121.9,2005-11,12.6,,,-4.4,30
276,USC00043004,"FELTON, CA US",37.05056,-122.075,121.9,2005-12,9.9,,,-5,22.8
277,USC00043004,"FELTON, CA US",37.05056,-122.075,121.9,2006-01,8.7,,,-3.3,22.8
278,USC00043004,"FELTON, CA US",37.05056,-122.075,121.9,2006-02,10,,,-5.6,31.7
279,USC00043004,"FELTON, CA US",37.05056,-122.075,121.9,2006-03,8.8,,,-1.7,20.6
280,USC00043004,"FELTON, CA US",37.05056,-122.075,121.9,2006-11,11.5,,,-5.6,30
281,USC00043004,"FELTON, CA US",37.05056,-122.075,121.9,2006-12,8,,,-7.2,23.9
282,USC00043004,"FELTON, CA US",37.05056,-122.075,121.9,2007-01,6.9,,,-10,23.9
283,USC00043004,"FELTON, CA US",37.05056,-122.075,121.9,2007-02,9.5,,,-3.9,26.7
284,USC00043004,"FELTON, CA US",37.05056,-122.075,121.9,2007-03,12.7,,,-2.8,32.8
285,USC00043004,"FELTON, CA US",37.05056,-122.075,121.9,2007-11,10.7,,,-7.8,31.1
286,USC00043004,"FELTON, CA US",37.05056,-122.075,121.9,2007-12,6.4,,,-8.3,23.9
287,USC00043004,"FELTON, CA US",37.05056,-122.075,121.9,2008-01,6.7,,,-6.7,21.1
288,USC00043004,"FELTON, CA US",37.05056,-122.075,121.9,2008-02,8.7,,,-6.7,26.1
289,USC00043004,"FELTON, CA US",37.05056,-122.075,121.9,2008-03,9.4,,,-6.1,27.2
290,USC00047916,"SANTA CRUZ, CA US",36.98785,-121.99952,21.3,2000-11,10.4,,,0.6,21.1
291,USC00047916,"SANTA CRUZ, CA US",36.98785,-121.99952,21.3,2000-12,11.5,,,1.7,21.7
292,USC00047916,"SANTA CRUZ, CA US",36.98785,-121.99952,21.3,2001-01,9.4,,,-1.1,23.3
293,USC00047916,"SANTA CRUZ, CA US",36.98785,-121.99952,21.3,2001-02,10.3,,,1.1,25
294,USC00047916,"SANTA CRUZ, CA US",36.98785,-121.99952,21.3,2001-03,13,,,2.2,25.6
295,USC00047916,"SANTA CRUZ, CA US",36.98785,-121.99952,21.3,2001-11,12.9,,,3.3,23.9
296,USC00047916,"SANTA CRUZ, CA US",36.98785,-121.99952,21.3,2001-12,10.2,,,2.2,19.4
297,USC00047916,"SANTA CRUZ, CA US",36.98785,-121.99952,21.3,2002-01,8.5,,,-2.2,20.6
298,USC00047916,"SANTA CRUZ, CA US",36.98785,-121.99952,21.3,2002-02,11.4,,,0,25
299,USC00047916,"SANTA CRUZ, CA US",36.98785,-121.99952,21.3,2002-03,11.1,,,0.6,21.7
300,USC00047916,"SANTA CRUZ, CA US",36.98785,-121.99952,21.3,2002-11,13.5,,,3.3,28.3
301,USC00047916,"SANTA CRUZ, CA US",36.98785,-121.99952,21.3,2002-12,10.8,,,2.2,19.4
302,USC00047916,"SANTA CRUZ, CA US",36.98785,-121.99952,21.3,2003-01,13.1,,,3.3,23.9
303,USC00047916,"SANTA CRUZ, CA US",36.98785,-121.99952,21.3,2003-02,11.2,,,0,20
304,USC00047916,"SANTA CRUZ, CA US",36.98785,-121.99952,21.3,2003-03,12.5,,,2.2,26.1
305,USC00047916,"SANTA CRUZ, CA US",36.98785,-121.99952,21.3,2003-11,11.7,,,0,22.8
306,USC00047916,"SANTA CRUZ, CA US",36.98785,-121.99952,21.3,2003-12,10.8,,,0,19.4
307,USC00047916,"SANTA CRUZ, CA US",36.98785,-121.99952,21.3,2004-01,9.9,,,-0.6,19.4
308,USC00047916,"SANTA CRUZ, CA US",36.98785,-121.99952,21.3,2004-02,10.7,,,1.7,19.4
309,USC00047916,"SANTA CRUZ, CA US",36.98785,-121.99952,21.3,2004-03,14.8,,,5,28.9
310,USC00047916,"SANTA CRUZ, CA US",36.98785,-121.99952,21.3,2004-11,11.7,,,0,23.3
311,USC00047916,"SANTA CRUZ, CA US",36.98785,-121.99952,21.3,2004-12,10.8,,,-0.6,23.3
312,USC00047916,"SANTA CRUZ, CA US",36.98785,-121.99952,21.3,2005-01,10.4,,,0.6,23.9
313,USC00047916,"SANTA CRUZ, CA US",36.98785,-121.99952,21.3,2005-02,12.4,,,3.3,20.6
314,USC00047916,"SANTA CRUZ, CA US",36.98785,-121.99952,21.3,2005-03,13.4,,,5,26.1
315,USC00047916,"SANTA CRUZ, CA US",36.98785,-121.99952,21.3,2005-11,14.2,,,3.3,29.4
316,USC00047916,"SANTA CRUZ, CA US",36.98785,-121.99952,21.3,2005-12,11.2,,,0,21.1
317,USC00047916,"SANTA CRUZ, CA US",36.98785,-121.99952,21.3,2006-01,10.4,,,0.6,22.8
318,USC00047916,"SANTA CRUZ, CA US",36.98785,-121.99952,21.3,2006-02,11.3,,,0,25.6
319,USC00047916,"SANTA CRUZ, CA US",36.98785,-121.99952,21.3,2006-03,10,,,0.6,18.9
320,USC00047916,"SANTA CRUZ, CA US",36.98785,-121.99952,21.3,2006-11,12.7,,,0,23.9
321,USC00047916,"SANTA CRUZ, CA US",36.98785,-121.99952,21.3,2006-12,9.7,,,-1.7,22.2
322,USC00047916,"SANTA CRUZ, CA US",36.98785,-121.99952,21.3,2007-01,8.6,,,-3.3,21.7
323,USC00047916,"SANTA CRUZ, CA US",36.98785,-121.99952,21.3,2007-02,10.9,,,1.7,24.4
324,USC00047916,"SANTA CRUZ, CA US",36.98785,-121.99952,21.3,2007-03,13,,,0.6,28.9
325,USC00047916,"SANTA CRUZ, CA US",36.98785,-121.99952,21.3,2007-11,12.8,,,1.7,27.2
326,USC00047916,"SANTA CRUZ, CA US",36.98785,-121.99952,21.3,2007-12,9.1,,,-1.1,18.9
327,USC00047916,"SANTA CRUZ, CA US",36.98785,-121.99952,21.3,2008-01,8.9,,,0.6,21.1
328,USC00047916,"SANTA CRUZ, CA US",36.98785,-121.99952,21.3,2008-02,10.5,,,0,21.7
329,USC00047916,"SANTA CRUZ, CA US",36.98785,-121.99952,21.3,2008-03,11.9,,,1.1,23.9
330,USC00047916,"SANTA CRUZ, CA US",36.98785,-121.99952,21.3,2008-11,14.1,,,4.4,29.4
331,USC00047916,"SANTA CRUZ, CA US",36.98785,-121.99952,21.3,2008-12,9.2,,,-1.1,22.2
332,USC00047916,"SANTA CRUZ, CA US",36.98785,-121.99952,21.3,2009-01,11.4,,,-2.2,26.1
333,USC00047916,"SANTA CRUZ, CA US",36.98785,-121.99952,21.3,2009-02,11,,,1.1,25
334,USC00047916,"SANTA CRUZ, CA US",36.98785,-121.99952,21.3,2009-03,11.9,,,1.1,23.9
335,USC00047916,"SANTA CRUZ, CA US",36.98785,-121.99952,21.3,2009-11,12.5,,,1.1,29.4
336,USC00047916,"SANTA CRUZ, CA US",36.98785,-121.99952,21.3,2009-12,9.6,,,-2.8,18.9
337,USC00047916,"SANTA CRUZ, CA US",36.98785,-121.99952,21.3,2010-01,11,,,2.8,20.6
338,USC00047916,"SANTA CRUZ, CA US",36.98785,-121.99952,21.3,2010-02,11.8,,,3.3,23.9
339,USC00047916,"SANTA CRUZ, CA US",36.98785,-121.99952,21.3,2010-03,12.1,,,1.7,26.1
340,USR0000CCOR,"CORRALITOS CALIFORNIA, CA US",36.9911,-121.7978,137.2,2000-11,12.3,,,-1.1,28.9
341,USR0000CCOR,"CORRALITOS CALIFORNIA, CA US",36.9911,-121.7978,137.2,2000-12,13.1,,,0,28.3
342,USR0000CCOR,"CORRALITOS CALIFORNIA, CA US",36.9911,-121.7978,137.2,2001-01,10.6,,,-2.8,30.6
343,USR0000CCOR,"CORRALITOS CALIFORNIA, CA US",36.9911,-121.7978,137.2,2001-02,11.5,,,-1.1,31.1
345,USR0000CCOR,"CORRALITOS CALIFORNIA, CA US",36.9911,-121.7978,137.2,2002-02,13.5,,,0,31.1
346,USR0000CCOR,"CORRALITOS CALIFORNIA, CA US",36.9911,-121.7978,137.2,2002-03,12.2,,,0,26.1
347,USR0000CCOR,"CORRALITOS CALIFORNIA, CA US",36.9911,-121.7978,137.2,2002-11,14.9,,,2.2,32.2
348,USR0000CCOR,"CORRALITOS CALIFORNIA, CA US",36.9911,-121.7978,137.2,2002-12,11,,,0.6,23.9
349,USR0000CCOR,"CORRALITOS CALIFORNIA, CA US",36.9911,-121.7978,137.2,2003-01,14.1,,,3.3,27.2
350,USR0000CCOR,"CORRALITOS CALIFORNIA, CA US",36.9911,-121.7978,137.2,2003-02,11.6,,,0,23.3
351,USR0000CCOR,"CORRALITOS CALIFORNIA, CA US",36.9911,-121.7978,137.2,2003-03,13.3,,,1.7,31.1
352,USR0000CCOR,"CORRALITOS CALIFORNIA, CA US",36.9911,-121.7978,137.2,2003-11,12.3,,,-1.1,25
353,USR0000CCOR,"CORRALITOS CALIFORNIA, CA US",36.9911,-121.7978,137.2,2003-12,11.1,,,0,25
354,USR0000CCOR,"CORRALITOS CALIFORNIA, CA US",36.9911,-121.7978,137.2,2004-01,10.3,,,-1.1,22.8
355,USR0000CCOR,"CORRALITOS CALIFORNIA, CA US",36.9911,-121.7978,137.2,2004-02,10.9,,,0.6,22.2
356,USR0000CCOR,"CORRALITOS CALIFORNIA, CA US",36.9911,-121.7978,137.2,2004-03,16,,,2.8,33.3
357,USR0000CCOR,"CORRALITOS CALIFORNIA, CA US",36.9911,-121.7978,137.2,2004-11,12.6,,,-0.6,25.6
358,USR0000CCOR,"CORRALITOS CALIFORNIA, CA US",36.9911,-121.7978,137.2,2004-12,11.6,,,-0.6,25.6
359,USR0000CCOR,"CORRALITOS CALIFORNIA, CA US",36.9911,-121.7978,137.2,2005-01,11.1,,,0,26.7
360,USR0000CCOR,"CORRALITOS CALIFORNIA, CA US",36.9911,-121.7978,137.2,2005-02,13.2,,,2.8,25.6
361,USR0000CCOR,"CORRALITOS CALIFORNIA, CA US",36.9911,-121.7978,137.2,2005-03,14.1,,,2.8,34.4
363,USR0000CCOR,"CORRALITOS CALIFORNIA, CA US",36.9911,-121.7978,137.2,2006-11,13.8,,,0,30.6
364,USR0000CCOR,"CORRALITOS CALIFORNIA, CA US",36.9911,-121.7978,137.2,2007-11,14.3,,,0,33.9
365,USR0000CCOR,"CORRALITOS CALIFORNIA, CA US",36.9911,-121.7978,137.2,2007-12,9.5,,,-1.1,24.4
366,USR0000CCOR,"CORRALITOS CALIFORNIA, CA US",36.9911,-121.7978,137.2,2008-01,9.4,,,0,26.1
367,USR0000CCOR,"CORRALITOS CALIFORNIA, CA US",36.9911,-121.7978,137.2,2008-02,11.3,,,0,27.8
368,USR0000CCOR,"CORRALITOS CALIFORNIA, CA US",36.9911,-121.7978,137.2,2008-03,12.9,,,0,27.8
369,USR0000CCOR,"CORRALITOS CALIFORNIA, CA US",36.9911,-121.7978,137.2,2008-11,15.3,,,3.3,35
370,USR0000CCOR,"CORRALITOS CALIFORNIA, CA US",36.9911,-121.7978,137.2,2008-12,9.9,,,-1.1,26.7
371,USR0000CCOR,"CORRALITOS CALIFORNIA, CA US",36.9911,-121.7978,137.2,2009-01,12.4,,,-1.1,30.6
372,USR0000CCOR,"CORRALITOS CALIFORNIA, CA US",36.9911,-121.7978,137.2,2009-02,11.7,,,0,29.4
373,USR0000CCOR,"CORRALITOS CALIFORNIA, CA US",36.9911,-121.7978,137.2,2009-03,12.6,,,0,27.2
374,USR0000CCOR,"CORRALITOS CALIFORNIA, CA US",36.9911,-121.7978,137.2,2009-11,12.7,,,1.7,30.6
375,USR0000CCOR,"CORRALITOS CALIFORNIA, CA US",36.9911,-121.7978,137.2,2009-12,9.6,,,-1.1,20.6
376,USR0000CCOR,"CORRALITOS CALIFORNIA, CA US",36.9911,-121.7978,137.2,2010-01,11.2,,,2.8,21.1
377,USR0000CCOR,"CORRALITOS CALIFORNIA, CA US",36.9911,-121.7978,137.2,2010-02,11.6,,,2.2,25
378,USR0000CCOR,"CORRALITOS CALIFORNIA, CA US",36.9911,-121.7978,137.2,2010-03,11.9,,,0.6,27.8